x,y,type
-2.736903658364,-1.9626445232947871,random
3.764247204253755,-0.5072915913611354,random
3.7095089862347406,-1.1933089565855768,random
1.3996997938272497,-0.9922506988505871,random
-2.2245042102625567,1.6154794253654858,random
-0.239056573993919,0.9639080984557602,random
2.864754694072023,0.7281949312567374,random
3.5513910876407233,1.6587581388058517,random
-2.5394804690144053,-0.6020691351771819,random
-2.4856423418992075,-1.9110190300624041,random
2.7527649720639955,0.9318552808577414,random
-2.72956808674543,0.05021432468802584,random
4.091947039115935,1.7117256689495335,random
3.3582219929963357,-1.0185992526653653,random
-1.105376468640551,1.7638764456497613,random
2.4111566485104725,0.145118014252819,random
3.0942450808275135,-1.0226622332446003,random
2.3559571274740687,0.11460110958721041,random
-3.2371769936835575,-0.5474300392029653,random
-0.16433901640363982,-1.9361205238859915,random
-1.7683391982041365,-1.197094249933798,random
-2.1275334020215895,2.3824223322925904,random
-0.7782360966177931,-0.5696383671121621,random
-3.518616302195319,1.2367243031613473,random
-0.7845716288161934,-0.6327570954187852,random
2.4111945465793116,-1.2018768144006393,random
2.75023379177347,1.6026652906345156,random
-0.028826556003968495,-1.6244798374120288,random
3.41254071683533,-0.8128768780026191,random
1.4271301128423164,-1.0030318558980293,random
2.286134861943879,-1.2203544427454798,random
-0.01811978330957918,-1.0261424112107087,random
-0.7015012096136881,-1.1237607889777887,random
3.5986699920914664,-1.11002857062058,random
-3.061453026490626,2.5313374918393126,random
-3.2012682430256034,0.2712478815432965,random
1.3891892013706086,-1.1637681940921447,random
0.5660731769476718,-1.490515595076486,random
-2.839555852884747,-1.4978225360218964,random
-0.24764768096473674,-1.529160439596277,random
-2.116310294834926,0.43017644652937176,random
-2.9068292155603976,-2.588726122541051,random
-2.4640283566513053,-0.04256167052032113,random
-2.132128008644484,-1.544356634525866,random
0.26921425400422544,-0.8375350341600722,random
6.0169656692786555,-1.4197251183584265,random
1.7142271666045756,-0.853790810650701,random
-2.3597543204670477,0.6947005175641225,random
2.219549585113858,-0.26877725819764053,random
2.5173533486682467,0.5720319412418201,random
2.9181286128754493,1.4979072628386847,random
-0.6316121092530543,-0.6610586313074839,random
-4.016247927981737,3.2284138352327254,random
-2.7133032128927357,-2.758503416496979,random
-1.8491053646027993,2.4750874916178995,random
-0.6594423811559753,-0.8302551912474284,random
2.086612954309535,-1.3388956577775337,random
-2.147491700440146,0.5669699031253066,random
-2.6137610523433343,-2.2162220559889887,random
0.20400533217431016,-1.305888854291312,random
-1.8837221741585022,1.020313227919575,random
1.6328105602803176,-1.5015437758620238,random
1.678910516474185,-0.5636755088915696,random
0.46592106962931973,-1.8347585740794197,random
4.862203150273234,1.0733517124528116,random
1.4043829707433235,-1.0350852574957767,random
1.9987457524738808,-1.356421806523878,random
-2.171065665878639,0.15620916397769286,random
-1.7360856007909493,1.9995254481756985,random
-1.5000702886913335,-0.6588142316084766,random
-3.731658714634756,2.294462047254666,random
3.188398680125687,-0.8156441563568904,random
-2.326457550413511,0.8738930201347664,random
3.9644539510474885,-0.12868018380062843,random
2.224976715608364,-1.490844079265307,random
-2.236027269079268,0.6777168665495285,random
-1.7173292848662551,-1.691128771218775,random
-2.8785855339956115,-1.5394161140828113,random
-0.9220521461660404,-0.8678338874029159,random
1.200163108008615,-1.0348296159097634,random
-1.0587361879757902,-0.31490063055920137,random
-2.5733411864199818,0.5620488081402956,random
-1.4208316782290606,-0.2680330597699585,random
2.2191387987419438,-0.3513440978321493,random
3.2281232866666256,0.4652063067394436,random
-1.64091871846329,-1.7518954863747485,random
-3.1158658511444632,1.959449804819151,random
-1.6824650345375718,0.07365245267070537,random
-1.434930488846887,-0.3894129223971211,random
1.4150776288557014,-0.4794783444092652,random
-2.4144945730005554,-2.8412500078352245,random
-4.016247927981737,3.2284138352327254,random
0.6717006701435441,1.5441378375751773,random
-1.6321834745598205,1.8056534356310743,random
-2.9080386072122284,-2.222457166779066,random
-2.2045522753808364,-0.47911806249809247,random
2.111651219887719,0.07473706494691534,random
-0.0867167240909093,0.8078126620538756,random
-2.180025926023614,-0.637567939300067,random
-2.19210106228275,0.7881600212485729,random
0.3867625339855241,1.7267793616570033,random
2.0751903613188096,-1.273293300211562,random
2.6420876621084903,-0.09416061934482828,random
2.1670770808415436,0.28370534109292117,random
-2.5364304818891297,-2.870203616160281,random
-2.8078869577016485,1.323094999217715,random
2.837758497442333,-0.9733921361712338,random
-2.670349284845114,1.7632085562125763,random
2.637660312081302,-1.3090006830705971,random
0.7693447831975934,-0.7356649444986143,random
-1.434930488846887,-0.3894129223971211,random
4.394979777818015,1.0045310251627404,random
-3.3474007568922253,1.8907935966666152,random
3.930177521553504,-0.011823979214251393,random
-2.839555852884747,-1.4978225360218964,random
-2.563418721223291,0.39899697541031304,random
-2.863326036970523,-1.3425268322494532,random
1.8983287265750162,2.762873748835641,random
3.833427172596865,0.06712197563759005,random
5.486307047715257,-1.132439858207579,random
2.745746030332372,-2.1518647748420294,random
3.968767783622046,0.34042601549612306,random
0.7387256966787271,2.571673630984253,random
-0.9277545279020836,1.3794135532217604,random
4.839955385549679,0.6443453174974412,random
3.5636403470706557,-0.029652818877886827,random
0.08067486072532612,-1.5956599088164072,random
2.9691344843068515,-1.1412078689252143,random
-2.417411354941813,1.6135451358212292,random
2.5074824278584398,1.203186535442452,random
4.636465447960227,-1.283839928770704,random
-3.1236980467115907,-1.3417039831630166,random
4.780157516166696,4.097181766723733,random
-3.0363503603587025,-2.1208009294993424,random
3.594560776421128,1.4379346719264607,random
-2.843518884581822,-3.048963249964986,random
-2.680787317292054,-1.7938672013323445,random
0.15128062417596436,-1.012017162043135,random
1.8396363057945855,-0.002959307267362063,random
0.7594418614475239,1.7293960920634992,random
3.012192689301254,-0.2807331238894388,random
1.2352913047814353,1.7478710863992846,random
-3.5020223849834324,1.5672884509425797,random
3.168774018646214,-0.9040595772825929,random
-2.768962410626415,-2.807480683556957,random
1.7624072441954346,-0.2716324955978329,random
1.0222677092353196,-1.0516287128998536,random
0.31547402966893834,-0.4385428033485745,random
3.0918174117777677,1.5692220786022872,random
2.2153655719316787,-0.2938406950789589,random
-3.112705631217594,2.590704467551143,random
-2.341600051996005,-0.3442235608835121,random
0.1350779793963897,1.0997624247183184,random
1.4601868190866012,-0.8459954432363591,random
2.541793856026786,-1.1928275292518726,random
1.6667480776596695,-0.9261589606732444,random
-3.376352360216402,2.332555570583401,random
-1.398842113854551,-0.28274326904400715,random
3.493431143031839,3.2117952931627465,random
4.839955385549679,0.6443453174974412,random
4.077156793693812,-1.0162990153894276,random
-1.920750112986784,3.4069763274442595,random
1.7443736736521347,-0.5332114987656746,random
-3.2012682430256034,0.2712478815432965,random
2.6091687711355505,-0.6664019693111811,random
-0.7644842898948794,-1.7636386813461162,random
0.1467979752183179,-1.0466574684978251,random
3.4788310060990946,1.3876541235741762,random
3.564489149952775,-0.35011531624314624,random
-2.1275334020215895,2.3824223322925904,random
-3.474049572819058,-0.7963731776453004,random
-4.016247927981737,3.2284138352327254,random
-1.9343338535846977,-0.6497790709548205,random
2.1785064925341047,-0.8320281111698123,random
-0.1295265324250938,0.7758773943669693,random
3.6805720788184755,-0.7500604855095117,random
1.52216267832098,-0.9599587584530125,random
-2.298472323304552,1.8464751484866375,random
0.11521531449528785,-0.7722663132092908,random
1.3360179925499946,-1.523014661229698,random
-2.2726918645404037,0.5321527073450351,random
3.1250111044872892,1.0068293162874258,random
2.0941102550298045,0.3646080194487719,random
0.5165835746767844,1.7612742670968675,random
0.4150195687694736,2.3835221950692063,random
2.0107928935389268,-0.07774950239434572,random
3.2795822229182776,1.4055215789100968,random
-0.12869875193667402,1.519010873310593,random
-0.2104924992719137,-1.1365559211846192,random
-0.44594996302896983,0.740772646557672,random
2.3723341178271746,-0.1899358439577544,random
-2.342332721188761,0.5320846022482081,random
1.0062367694504717,-1.045674968791543,random
-1.936248102532055,-1.9266692344833547,random
3.5682038746320095,0.724544456541231,random
-2.6198640027215823,-1.7805344862664958,random
3.9998138574963265,-0.6379683435173554,random
-2.7581886473376294,1.1213025833951382,random
-2.768962410626415,-2.807480683556957,random
-2.5638725406819534,0.028087512897944675,random
-0.41609875424260817,-0.6001450990802282,random
1.5408139319678613,1.8560894285766776,random
-2.542673964361727,1.5165020860615497,random
-2.640478734214165,0.12316451284866015,random
-2.2139458713899773,1.3076256354363551,random
1.989403206640324,-1.449246857939759,random
1.8462229870699394,-1.2025010640255698,random
-2.3357857292068775,-0.7997636699118005,random
2.0004320559678725,-0.05630012563963572,random
2.713704080569624,-0.2548767996293241,random
-0.3733706796638688,-1.5779803386738265,random
2.1380320276783675,0.5853521931933791,random
-1.3761231421586124,-0.7855572492629146,random
3.6543226190696467,2.2576940815912203,random
2.94691646898617,-0.08369297180648907,random
3.9311945316123493,1.2317740948222515,random
-1.759240521066602,-1.5152678244939441,random
-1.2704528859764403,1.8757244267568889,random
-2.958954224422424,1.3485423645666557,random
0.9098629779196106,-1.5478287145178395,random
3.7253530559215307,-1.0744049893664067,random
-2.4979274692687996,0.9320240248450415,random
-3.504444926859874,3.115085057716907,random
-3.1240787446677567,-3.7346796786133436,random
4.222872806241606,1.4643761805999302,random
-2.341600051996005,-0.3442235608835121,random
0.5660731769476718,-1.490515595076486,random
3.1458049869015006,2.8139682376557094,random
-3.472867865479783,1.3328299449478813,random
3.883059703999857,-0.6908223951614554,random
-1.717065761052166,0.3677798013984859,random
3.965349839623898,1.4268494447592217,random
3.0530483991619772,-0.24452613813878257,random
3.7095089862347406,-1.1933089565855803,random
-1.040901445264316,-1.0918934596010956,random
-2.72956808674543,0.05021432468802584,random
-3.0232604810746664,-2.710546866476097,random
2.2745804535444596,-1.30936402970776,random
-1.0270310774262519,1.5831449040614496,random
1.2577052385201117,-2.1347170521921726,random
2.968794504821931,-0.7408553770272616,random
3.6153617387268038,0.9502984717436617,random
-0.9207671190491449,1.971233584181919,random
-1.0541320163979262,2.102255155341174,random
-2.9039766644366085,-2.8527524981261454,random
-2.9363742734614573,0.8029970236552023,random
0.6508404769959271,2.365674581530466,random
2.7133876729698736,-0.7810113861577008,random
-2.736903658364002,-1.962644523294788,random
4.137385291885,0.7418160463650957,random
0.6508404769959271,2.365674581530466,random
-2.218082177551889,2.4050709008663835,random
-2.9578250297988484,-1.3852513231104078,random
-2.622697588732273,-0.047043145797983014,random
-2.9068292155603976,-2.588726122541051,random
4.030920801913704,1.573171567387487,random
-2.487865113841146,-0.5043565197006961,random
1.8948004579155375,-0.8586684029896676,random
-3.4995788521224123,3.0697051793570673,random
-3.657991478552551,-1.4450278279681725,random
-1.402641560926486,0.5314032472542807,random
1.52216267832098,-0.9599587584530125,random
-1.398842113854551,-0.28274326904400715,random
-0.8437764460777488,-0.7307725814268792,random
-3.6031484104246054,2.6452355035762882,random
3.9684297586450663,-0.5506295676213325,random
-2.231641317152934,0.4293994075932629,random
2.1203000054173406,-1.3783052804945204,random
-0.14516268434786125,-1.8924177805954785,random
2.3457871761601656,-0.04268550601234362,random
3.354341618788481,-2.2362906901654345,random
-1.4168066882939376,-2.938064031058502,random
-2.8909675619758346,0.1781688597990872,random
6.884773610333397,2.6866554623247665,random
2.9223466128378175,0.6075853174049649,random
1.989403206640324,-1.449246857939759,random
1.6221759721819078,-0.9196628777776119,random
-2.9631459825241793,1.9554782569744358,random
5.065954823902154,0.8821264339126377,random
-3.2284421006521855,2.6164665219619474,random
-2.6503261863939995,-1.0793809510917574,random
-2.9107272042622605,-1.4585194246850952,random
-3.3913908856190504,-0.4878346512642766,random
-3.0777187959912466,-0.11115215570856696,random
0.15128062417596436,-1.012017162043135,random
5.4922686438081065,-1.562929318433333,random
4.098179921720478,-0.188211926504571,random
0.6508404769959271,2.365674581530466,random
2.9141357252822755,-1.6315699813069355,random
2.1886889720320686,-0.3083785313531458,random
3.3133382275880665,-0.2987470047168198,random
3.613673575341407,-0.7911341806850288,random
-2.2680365867413323,0.5393949028500578,random
-2.8830876003897847,1.2256702791482246,random
4.087428984267003,-0.6379102382190386,random
-3.160056578836744,2.9006755469846293,random
-2.2079390647300796,0.8216168551225722,random
-2.3319981912220107,0.521474588438999,random
3.2180362733298367,-0.3270359974923071,random
-3.2371769936835575,-0.5474300392029653,random
-2.8729368950417413,1.106453086544552,random
-2.3752421166165987,-0.3312988242910961,random
-1.821803309582434,-0.2421550925538211,random
-2.7514150254423444,0.11107088970195449,random
1.7029410361424901,-0.06428693595535591,random
-2.8699752800831555,1.052267779009489,random
3.5403329813856126,-1.1650706691291555,random
-1.1949025956381043,2.108905357436002,random
4.839955385549679,0.6443453174974412,random
-2.815676641265186,-0.1160851067970735,random
3.883059703999857,-0.6908223951614554,random
-2.495126622684438,-0.07232698590914835,random
0.9826709136144057,-1.0583524742265833,random
-3.6772007514589413,-1.4674554367731985,random
-0.7782360966177931,-0.5696383671121621,random
-0.786557602817597,-2.002938011758356,random
1.200163108008615,-1.0348296159097634,random
-2.859564929289906,0.8413871082699357,random
-2.66103675262374,1.4884531246818364,random
-1.5000702886913335,-0.6588142316084766,random
-1.4060755607871325,-0.19841640458869672,random
-3.0723986151315006,-1.6856085330972894,random
2.8458129671031918,1.0682409721021586,random
-2.5068198903024537,-0.10804637063099456,random
-1.085645474804629,1.5131545845498555,random
0.9764245934516873,1.1768359332637,random
-3.1749720377940527,1.1616266222026037,random
-1.7248654568097315,-0.12464800329720024,random
3.0552349797924125,0.6977599872511975,random
-2.170974499365349,2.367125103004813,random
-2.170974499365349,2.367125103004813,random
-0.06086319093205888,-1.6306365410142225,random
-1.1139020031726112,-0.6636626915186933,random
-2.6424243804949854,2.968543757343611,random
-1.2604583901942226,0.8988120367940335,random
-2.6219879042056715,0.6415092065700853,random
-0.43720034979346756,-1.177143427358106,random
1.0168921258990051,-1.0351542194119525,random
3.265266359173171,-1.0305176638668017,random
0.31547402966893834,-0.4385428033485745,random
1.4871634716043074,2.6168981788767645,random
-1.740880464160842,-0.5004221314730833,random
-2.9271575073657794,-0.9216940641187947,random
3.6227054980357063,-0.07882803661582563,random
5.486307047715257,-1.132439858207579,random
-0.03566579217468241,-1.1298359461250893,random
3.540627424922091,0.2760666028030866,random
4.716944278460182,1.1506927811282253,random
3.05608893162773,1.3262391239687568,random
4.398216596012902,1.4359214616836753,random
-3.8441562545324524,-1.4721996507802715,random
0.7153382058018326,2.0061531383844815,random
4.917788207898086,0.9525128269094052,random
2.9472695248187626,-1.3587576699598436,random
-0.49806392104625585,-0.6549773557184857,random
-2.7133032128927357,-2.758503416496979,random
-3.591622422534702,-0.547028338570557,random
-3.653450059787347,3.100760933034622,random
3.4507588849268274,1.3991481541313409,random
-3.2256643394396978,-3.47837651666223,random
-2.1050384630860832,1.659733391740291,random
-2.677302072146604,2.7815673664936496,random
-2.827202567789364,-1.65443289838534,random
1.9952570483489838,-1.3306989821977282,random
1.9788219016991286,0.44659343394519735,random
-1.1875550658824652,-0.5604980721688128,random
-2.443915880292304,-1.5394972672116845,random
-2.217080395588147,-1.1551268783349902,random
-2.2948620851830954,0.7021676851201228,random
-1.7419104802783627,2.7200394207802874,random
4.485108764766903,1.4088479179447966,random
1.5583261587184312,-0.833358514031783,random
-1.7095956117376006,-0.6867166159054594,random
2.382876364012503,-1.3057296861119105,random
-2.2215778417706544,0.5522181852593406,random
-2.218082177551889,2.4050709008663835,random
2.7354114564757057,1.5554782215251972,random
-2.563418721223291,0.39899697541031304,random
3.7974588898205774,0.10034923961346114,random
-0.3000195111668894,-0.7388652141199582,random
-2.7381289984366806,-0.521618577973613,random
-3.270881935990874,1.8456284505030205,random
-0.10434206217344334,-0.3993762268701358,random
-1.8849220758203669,-0.9983776189571647,random
-2.623753953898677,-0.1508885105705051,random
-1.6069167973548615,-2.576139215966478,random
-0.2243117057933979,-2.064672675205916,random
0.26341636808354624,-1.1190415949933603,random
2.8692875408425205,-1.172354538025936,random
-3.0363503603587025,-2.1208009294993424,random
-2.6230955963501823,1.4742166880234346,random
-3.209088171870264,-1.0252001382927554,random
-2.0789883417317983,0.7210119371615746,random
2.239255910141355,-0.2279180925779198,random
-1.7257955127184115,-0.4575788923325165,random
-1.0479694826490964,-1.0691957219724688,random
4.839955385549679,0.6443453174974412,random
2.219549585113858,-0.26877725819764053,random
-2.5013854920330996,-1.3995957525256277,random
5.4922686438081065,-1.562929318433333,random
2.9181286128754493,1.4979072628386847,random
1.7119461862528325,-0.905669590097098,random
1.7426963893903273,-1.0132343096558778,random
-2.5315130826892354,-1.2318096046578568,random
3.846371909611219,0.9628804255460577,random
1.6159871235003365,-0.8236312743885608,random
-1.5594280846444304,-0.4082032895396945,random
-1.7846732138009473,0.3538873214373709,random
4.0447335521692045,-0.26524576496325736,random
4.051889956360294,1.3315670179712193,random
-1.5170415455446957,-0.5299977131500425,random
-1.7341441483299547,1.8151075247104977,random
-2.19210106228275,0.7881600212485729,random
-2.7991586420600343,-1.670329652493159,random
-3.786772905931541,-0.8345670835527321,random
2.095750326311535,-0.8354692479938608,random
-0.6070960476423484,-0.4462834853902279,random
-2.7209885808553214,-1.1008343507383105,random
-2.0734174893657973,0.6004744457520439,random
4.114544976697537,-0.24220756767584958,random
-3.388352818111042,-0.8816535844174672,random
1.9737340191707142,-0.5169711196074701,random
-1.8197983652398917,2.415027745387093,random
-3.666182593700163,2.727857640867385,random
2.382417883774739,0.19371285140617375,random
-3.5057989545143617,2.875533961165093,random
-3.1287267052197336,0.120627403943013,random
-2.328358392785342,1.4952357834505476,random
-1.8180648615015675,-1.927512880351919,random
1.622539973816093,-1.0552869862343819,random
3.839171330704519,0.22621983214582447,random
-3.569716984480498,-1.5539355722246164,random
1.3096390901521993,1.1929269437842256,random
5.281438066080803,-2.046301026033944,random
-1.6149848488412066,2.523117299327292,random
3.7974588898205774,0.10034923961346114,random
3.171476244027816,0.7379633696593912,random
0.9166416444426987,1.2266214025906692,random
0.27314418434342935,2.31032135352227,random
-2.740494314681104,-0.31871601051559334,random
-1.8480862275951442,-0.21410388425350987,random
5.486307047715257,-1.132439858207579,random
-3.6313588919896675,-1.4736300908316418,random
-2.218082177551889,2.4050709008663835,random
-3.504444926859874,3.115085057716907,random
-1.7153654689724454,-0.7449362108713841,random
3.362046221666251,1.2360852517722214,random
-0.22774234936750526,0.8101352135125898,random
2.9384920397904737,2.9775681422630633,random
-1.7360856007909493,1.9995254481756985,random
3.1508208109948472,1.1141687519829195,random
-2.075448788938844,-1.3278514326240012,random
-3.446701875634052,-0.568516549823371,random
0.20503893796980247,1.2186776431250481,random
-0.9277545279020836,1.3794135532217604,random
-1.740880464160842,-0.5004221314730833,random
3.914575012826704,-0.5254259554370659,random
-2.7892311978937023,0.5487141456825102,random
0.17395357591939026,-1.2862896203219945,random
0.36306499140934745,-1.9103430763013123,random
-2.670349284845114,1.7632085562125763,random
-3.376352360216402,2.332555570583401,random
-1.5128768945874593,-1.3789435081412225,random
-2.089967970511433,0.21163327970779544,random
0.8095215471328192,1.5700302258373944,random
-1.7710605495778216,0.45711612733215856,random
-3.34545449303031,1.5000875975172248,random
-2.217731925540016,1.6933376869399608,random
-2.7446050255065013,-0.5276938441026199,random
-1.8748757521019583,0.4453021557961631,random
4.047051906045298,-0.546427832870844,random
-3.2041155864041784,0.6015223380117241,random
-1.6250947835301492,2.4135892302047917,random
-1.5365737942915492,-0.5434221760381671,random
4.716944278460182,1.1506927811282253,random
1.6159871235003365,-0.8236312743885608,random
1.0340251713196071,1.3103174496860746,random
-3.508495942683052,2.822671520055825,random
3.979840402599532,-0.3362774768022542,random
-1.351795674184973,-1.0789466414335172,random
2.997464077074907,-0.18046341461391896,random
0.4150195687694736,2.3835221950692063,random
2.382876364012503,-1.3057296861119105,random
-2.2701522080194145,-2.727431407889555,random
4.077156793693812,-1.0162990153894276,random
-2.0367812188756647,-0.1040031974860767,random
-3.0318454993422486,0.22585552397418424,random
1.813522643334448,-1.4324389653243188,random
-2.7722331070191344,1.251698560616684,random
-2.016289966655196,-1.6910543222488499,random
1.0326771538689006,-1.1633816383844329,random
-1.3019494773027853,-0.6816078316985152,random
-3.8997230851577878,-1.4191334268750215,random
-2.5434447753957876,1.0941290703020934,random
0.2065710570212076,1.5851152504857429,random
3.8280887611017715,0.12204655377237886,random
-2.2701522080194145,-2.727431407889555,random
0.2065710570212076,1.5851152504857429,random
2.3603773124601024,0.26077854058165895,random
-2.295025192704234,-0.45647729489693384,random
-2.7446050255065013,-0.5276938441026199,random
2.5074824278584398,1.203186535442452,random
3.844923235420575,0.26163960319869206,random
-3.2256643394396978,-3.47837651666223,random
-1.955897502576911,0.7475099330588466,random
-1.3177285119281619,-2.324829100870058,random
-1.519393361602855,-1.0037722326255445,random
4.780157516166696,4.097181766723733,random
-1.3814252533723113,-1.9141244438849956,random
-0.7654555348967106,-0.713031088267735,random
3.8290628366967856,-1.1455279904279039,random
-2.553348043892695,-0.14894399212266107,random
-2.5022808088506956,-2.062332620238969,random
3.3429781798798435,0.024607070652651858,random
4.943339214005851,3.2868861365490383,random
-0.714699219276644,-0.47782241687861926,random
-2.0556929477293626,-0.35242528127265665,random
-2.3027169053432965,-2.1956431294163283,random
-2.1255556463373164,1.1751991960647672,random
3.890619244812446,0.23870726855951352,random
-3.0834797504111346,-0.6703257494260295,random
-1.042056127763863,-0.472902495420491,random
5.962368366898842,3.7934246220743852,random
3.830742433875407,-0.008381117277305927,random
-3.733416457153803,2.4215241622742654,random
-2.2726918645404037,0.5321527073450351,random
-2.223783854571838,-1.3788626621835038,random
-2.1532186449958814,0.18228007459887058,random
2.8866438751640247,-0.9066697561963194,random
-1.994309266572402,-2.6962006993059204,random
4.943339214005851,3.2868861365490383,random
2.292068938842614,-0.2132569650957967,random
-2.3308319446815444,0.8031015374812369,random
3.000215185426173,-1.88309516774199,random
2.3559571274740687,0.11460110958721041,random
-2.72956808674543,0.05021432468802584,random
-0.7015012096136881,-1.1237607889777887,random
-0.9910712052130162,-1.0513125812333972,random
-2.105657106614302,1.764594751727725,random
2.940875883241415,0.12041126359781656,random
2.4028186413806263,0.536203602077824,random
-1.9837457982842928,-2.082176970899361,random
1.6598853035989416,-1.0136971339610972,random
-1.7530887434201738,0.6243013328430055,random
2.3625864783131343,1.1180398290444127,random
3.3582219929963357,-1.0185992526653653,random
0.967207496928389,-1.5377018845467407,random
-0.923375799725795,-0.46293084941388724,random
-2.470044239663383,-2.482303297085052,random
5.590534697984135,-1.6025797040819585,random
-0.10745997237849231,-0.6772562713460829,random
-1.6571070946070525,-0.4180504933761418,random
-3.2888267232181074,-0.1457302410458322,random
1.845809996442745,2.9524369997711104,random
-2.602839170064871,0.9679765864633747,random
-2.2060084662011525,-1.8709875025875276,random
-1.8197983652398917,2.415027745387093,random
1.7624072441954346,-0.2716324955978329,random
3.836584126788897,1.582747416864593,random
-2.6245091894898827,1.4462930383296393,random
-2.342332721188761,0.5320846022482081,random
-0.23406298872467116,-0.9284712658175089,random
4.434552708663281,0.959285650709127,random
2.9422058780980453,0.3204890662948248,random
4.087428984267003,-0.6379102382190386,random
-2.52815440648595,-1.700713722211696,random
-2.341600051996005,-0.3442235608835121,random
-0.7054759406169702,1.6064604344364304,random
-2.0367812188756647,-0.1040031974860767,random
-0.397615473057119,-0.9111420717548556,random
-2.620532934903576,1.8061282091239712,random
2.6420876621084903,-0.09416061934482828,random
-2.5056301180733596,1.6950642928349395,random
-3.0295735318048544,1.8482481694754973,random
-0.06086319093205888,-1.6306365410142225,random
-0.32624504603282034,1.486828533384,random
-3.189783832625626,0.2968539097384383,random
2.555642824546217,1.2288672406642476,random
0.6360493562323339,2.6195123615213856,random
-1.994309266572402,-2.6962006993059204,random
-2.3319981912220107,0.521474588438999,random
-2.114920449700959,0.5499504868532483,random
-2.6993223874310495,3.461583284710094,random
2.268453437854887,-0.8033889267372182,random
-1.4699812000166228,-1.0774205324797865,random
3.9508249755220533,0.20270501766507062,random
-0.9004781413672482,-0.5412870409612458,random
-0.9220521461660404,-0.8678338874029159,random
3.1264902720341077,-1.0848217577297414,random
-2.640478734214165,0.12316451284866015,random
3.163305539827165,-1.0348641864474584,random
3.1335113615732664,-1.2223979170862447,random
1.4043829707433235,-1.0350852574957767,random
1.628117619494703,-0.9374852885901123,random
-1.8540566479936158,0.9248357659241043,random
4.078293525784256,-0.3689993287916682,random
0.604888451492941,-1.9282231682759439,random
-0.6370859146155742,-0.007716098513909741,random
-2.549452616150375,1.7530444639711507,random
-2.9808722406855352,-2.0859915440289445,random
-1.4841693736098167,1.8650161516359227,stratified
3.7170144762610096,-0.09628631276874403,stratified
-3.8694588257528895,-1.8644897422486102,stratified
2.0579329360492644,0.2761701327625015,stratified
2.4383151590057874,-1.9076117695584474,stratified
-3.450188361670135,0.23390747954070767,stratified
-2.0752107085920675,-1.844167879196359,stratified
3.0985919608175756,-0.6100770161762857,stratified
-3.00572702796069,0.10463404987864851,stratified
3.5343845008849577,0.09333674252201593,stratified
5.302901052927281,-1.3322390457670363,stratified
1.3936416294703662,-0.20095492078495938,stratified
-0.486530386534513,2.444119483451789,stratified
0.3322468123190723,-1.0770591416437219,stratified
0.5340307434289473,-2.6721747786200414,stratified
-0.43430859595521576,2.4887920824488674,stratified
-1.9683572892283625,-1.7170511854998427,stratified
3.3543969817672865,0.2016993859941682,stratified
0.42153066090895897,0.14343291193621377,stratified
-3.4662836091388183,-0.40766024179963006,stratified
-3.4923537113033087,-0.0019472213104969266,stratified
1.0899027743714151,-0.42877854647757657,stratified
3.3543969817672865,0.2016993859941682,stratified
4.429308726429505,-0.9324304229834725,stratified
-2.749310731832112,0.5857567156708382,stratified
-3.193687458141986,-0.48566109549970937,stratified
3.709448799087083,0.008126715759783711,stratified
-2.151754608880255,2.1117381175817895,stratified
2.4991711105854515,0.19519583285939635,stratified
0.3322468123190723,-1.0770591416437219,stratified
1.2122098989336583,-0.432524474385881,stratified
4.741902505404882,-1.460268974023073,stratified
2.5927137245209577,0.43267445359203593,stratified
-2.7145212410100066,1.3645464101085099,stratified
3.157703810526206,-0.19161476000851455,stratified
-3.286120315080516,0.06634617125464148,stratified
1.9451901911456018,0.78716405852503,stratified
0.6430695813168664,-1.099145882076887,stratified
-3.4824041214429973,-0.2818878657193578,stratified
-2.0264461976828105,-1.9144576722525466,stratified
3.3543969817672865,0.2016993859941682,stratified
1.1354872493173762,-0.6786594795675085,stratified
-2.0264461976828105,-1.9144576722525466,stratified
-2.9833420613522934,-0.9801792360347871,stratified
-2.6440489555581452,0.521928411143712,stratified
-3.2980352315852177,1.3904731800298906,stratified
-2.1269712387450905,2.308133541000534,stratified
-3.2980352315852177,1.3904731800298906,stratified
-3.33169536313233,1.3243648035416193,stratified
3.784666037500585,0.28300076297361254,stratified
-2.990622476963332,0.06977421696691759,stratified
-2.662963449482955,1.9217701543395467,stratified
0.5166514582488372,-1.368423339252435,stratified
-2.51093945376068,1.7507426803306514,stratified
0.4196448948730533,0.14531668174220314,stratified
-3.552060490336488,2.265571932182896,stratified
-2.5581564503054626,2.2959690062009734,stratified
3.7170144762610096,-0.09628631276874476,stratified
-2.650036595536569,-0.4451806631595332,stratified
-3.3625413565592948,0.03814348079781555,stratified
2.5927137245209577,0.43267445359203593,stratified
2.32289304853935,0.11854460229358875,stratified
0.34094390004060443,2.5017103123200526,stratified
1.5264737680697709,-1.0013558349345406,stratified
-0.43430859595521576,2.4887920824488674,stratified
3.747190864881379,-0.10204419993409099,stratified
1.8452420306842552,-0.6323630918108185,stratified
-3.115076440940731,0.07716364245851354,stratified
1.8452420306842552,-0.6323630918108185,stratified
-3.1249975354436184,2.1733051635921687,stratified
-1.8238079312627848,2.2263520488782116,stratified
4.863678077270847,1.1265800376646036,stratified
-3.0598527618822713,1.7266091456359036,stratified
4.452607280522471,0.49576311268730955,stratified
-3.0598527618822713,1.7266091456359036,stratified
0.9871397298485048,-0.3087981559112961,stratified
-2.017139411526378,-0.3248794084348799,stratified
-0.09861566786710806,-1.6153085412913288,stratified
-1.7765568716065567,-0.4778535187743536,stratified
-0.9504377066855073,-0.11388539225309226,stratified
-3.5099669811401313,-0.06871944228097954,stratified
-0.486530386534513,2.444119483451789,stratified
-0.34867618183515786,-0.31385943533542826,stratified
3.351994938235854,0.5051188269217278,stratified
3.440100914729906,0.4174082775832684,stratified
5.4990268065518935,-1.2818965338689048,stratified
-3.050963515204716,0.08476745115094304,stratified
-2.7592165746433546,2.1206185679510066,stratified
-3.4824041214429973,-0.2818878657193578,stratified
3.0007323207481655,0.004821422047396553,stratified
-1.4841693736098223,1.8650161516359234,stratified
2.081519336317778,-2.206118866840353,stratified
-3.2865758198912833,-2.6357542392817574,stratified
-3.3031231916811485,-3.1435943091629954,stratified
4.827728737808951,-1.6164904366179984,stratified
-1.7372526103564851,2.2288424178039654,stratified
-1.4239564992968015,2.489069526200703,stratified
3.3434188199004713,-0.021009361345557684,stratified
4.214242078361736,0.6855169143119489,stratified
3.002044970653719,0.39365968957288555,stratified
3.320193117973117,0.31147389384037255,stratified
3.4299838785608876,0.21832805893441593,stratified
1.1517299012489919,-0.2558407496850022,stratified
-2.8199560674647475,-0.25184822431892895,stratified
-2.022991193004612,-1.837779268665802,stratified
4.113636350649003,0.23813543071709586,stratified
2.0889438360622616,-0.7664397456673085,stratified
0.2770175707079135,0.19722914648415157,stratified
-2.3539803818190106,1.649122185259433,stratified
-3.3883490565884933,-2.197789939239244,stratified
-3.5099669811401313,-0.06871944228097954,stratified
0.24091513818063354,-1.165170005172511,stratified
-3.1688357538645646,1.9218111016254276,stratified
3.056634335210619,-2.3448984712076517,stratified
-3.115076440940731,0.07716364245851354,stratified
0.17328449128731394,3.16515231941627,stratified
1.5342243356585255,-0.1799505530330138,stratified
-3.873505414920462,-2.252659568682591,stratified
3.7185431769284696,0.10180894038903426,stratified
-3.2063128345809897,-2.631934362306727,stratified
-3.0668271018345568,0.08631769652833804,stratified
-0.3716454068023036,2.44572629586244,stratified
2.002297457055149,0.07794157092835766,stratified
-0.17080968596560958,-1.7864699570430798,stratified
0.2770175707079135,0.19722914648415157,stratified
-3.7029083345092797,-2.3983813184472877,stratified
-3.3625413565592948,0.03814348079781555,stratified
3.6567639944389536,0.0949608866242936,stratified
1.0899027743714151,-0.42877854647757657,stratified
3.266465678035419,0.0849681813786521,stratified
-1.356861436962864,2.255472824867124,stratified
1.538978899569117,-0.9093485908466092,stratified
3.180431603655936,0.43040278383894837,stratified
3.824427039282532,0.6145849516432975,stratified
3.451512834604399,0.3236697718149669,stratified
2.553176736820826,-0.8108601903557833,stratified
-3.0668271018345568,0.08631769652833804,stratified
2.4383151590057874,-1.9076117695584474,stratified
4.8491303450197005,-1.370944151697019,stratified
-3.10675616246334,0.02886090788333758,stratified
3.140922794827297,0.024243411034760763,stratified
1.5390676273227233,0.5109339650831821,stratified
1.3047886736847214,-0.2572907884455839,stratified
-0.36141361004718275,2.5849533327083103,stratified
2.4082556665013803,0.7286440354260773,stratified
-3.7029083345092797,-2.3983813184472877,stratified
1.4333564801443837,-0.9037111400336423,stratified
0.3322468123190723,-1.0770591416437219,stratified
-3.5658145050104277,-0.15351688607692632,stratified
1.1273320847549764,-0.25693513932359235,stratified
-2.8918163180698016,1.9250718347747955,stratified
-0.7661595853001104,2.334248655830172,stratified
-0.6314453360349108,-1.9148495102782672,stratified
5.133974836840165,0.33336957751873514,stratified
-0.6352010231144316,-1.7702113106952884,stratified
3.4622034429966675,0.12732197835658576,stratified
3.340849187493513,0.30429640357556864,stratified
1.721650802824588,-0.8691223268301744,stratified
-2.605990762723623,-0.34588970933693697,stratified
3.3856304962068626,-0.9790347830859885,stratified
-2.8543898977581015,-0.043368784354652315,stratified
1.3861577302884136,0.1019002984148912,stratified
3.0527989252975716,-2.161837992456847,stratified
1.0128530833347211,-2.1652528458920988,stratified
3.6036006376854908,0.25039670675226766,stratified
-0.6336847197176902,2.0791218028940026,stratified
-2.148177172345239,-0.7648506452202156,stratified
1.5722524827174131,-0.6292722880843972,stratified
1.5264737680697709,-1.0013558349345406,stratified
0.6547719163602527,0.24442300413050294,stratified
-2.7753074618238545,0.4523089195913694,stratified
-1.009929288605415,-1.501859713608616,stratified
-2.8398158213313325,1.777131911827476,stratified
2.8537819465594456,0.11554501647799226,stratified
4.644579766263917,1.1512176615619516,stratified
-0.9095006804993868,-1.4686011676305568,stratified
-3.3991270141659524,0.09534371094833066,stratified
-1.0383082183322807,2.2115323278569616,stratified
-0.6336847197176902,2.0791218028940026,stratified
-2.4623073618782985,0.6346632557772299,stratified
-3.0142342726377027,1.5686952353285755,stratified
-3.419946868363499,-0.04107755262135906,stratified
0.24091513818063354,-1.165170005172511,stratified
-3.430623787568509,1.783220441178853,stratified
1.5390676273227233,0.5109339650831821,stratified
-2.622886883973172,1.71141483433571,stratified
-2.76514028958443,2.2710323687634832,stratified
-0.7106950519403819,0.10728426049169976,stratified
-2.5581564503054626,2.2959690062009734,stratified
-3.115076440940731,0.07716364245851354,stratified
-2.5417521773196046,-0.9257344206494037,stratified
-2.9952045272001713,0.298835415594773,stratified
-3.847228788041261,-2.29378964912691,stratified
-2.76514028958443,2.2710323687634832,stratified
2.4463056334252524,0.380189880514422,stratified
2.053999647282261,-2.0087236518857505,stratified
-3.658195761445536,1.5253222361852723,stratified
3.747190864881379,-0.10204419993409099,stratified
-3.9889754997600537,-2.1631717588347525,stratified
-2.905504350861618,2.1213708840259082,stratified
-1.9629329442804346,2.1326774867136584,stratified
-1.6454530567476373,-2.251558719554341,stratified
-2.354534148440531,2.104591896898764,stratified
2.6455283740877884,0.1208828999982443,stratified
-0.7887743234972502,-0.08119534585959234,stratified
-0.6310824652744306,2.4565706742618296,stratified
-3.613744504604235,2.2673759808933522,stratified
2.9769487141312485,0.09195119619093216,stratified
4.42297815721019,0.40415515169545957,stratified
6.546776121352995,2.0627907146108253,stratified
-2.1209093391290543,2.31172150848493,stratified
-2.7056460062371186,0.8306804575757413,stratified
1.4183207846559684,0.09933126068327376,stratified
1.458732195929021,2.6446148167284913,stratified
-1.746415179266874,-0.34125206093752253,stratified
-2.1716317838281745,-0.17570348598437743,stratified
-3.3483148414765633,-2.1298350938143567,stratified
2.965245816812399,0.1775845239534358,stratified
1.4384694251689885,0.2915012899992205,stratified
-2.636384365037484,0.9912221271549774,stratified
3.751855379282037,0.2722402261258154,stratified
-3.3134222579744916,0.04722813797421409,stratified
-0.6548679586805007,-0.35840426934682307,stratified
3.2552196690588486,0.37994337848283005,stratified
4.372057630369813,-1.845293803547776,stratified
3.782199017640769,-1.3220385713908953,stratified
-3.4768829702305113,-0.17559810211284968,stratified
2.7130701309663903,0.08907688028232655,stratified
0.7103404976516701,-0.6565962085523234,stratified
-2.120440332712203,0.3133527189608287,stratified
1.3805791099362266,0.280912471579985,stratified
-3.216909185903508,-2.34055007858231,stratified
4.375737549564961,0.4889401436997782,stratified
-3.661403808263115,2.191607677137096,stratified
1.4949538459462162,2.796570337702704,stratified
1.1564021114768588,-2.3882934759210253,stratified
-2.278888920312951,-2.0992059379332155,stratified
-2.607332221491166,0.1834864830358328,stratified
2.0263177610038325,0.27832379619216546,stratified
-2.8853711100263038,-0.17998867825300907,stratified
0.47629549903238205,2.513340060859623,stratified
-2.076224179516479,-2.2311664167567717,stratified
3.719797446058825,-0.705571120313196,stratified
-3.785674592891573,1.9498035432610108,stratified
1.458732195929021,2.6446148167284913,stratified
3.2676170841909564,0.5355745696830516,stratified
-3.5848119510915013,-2.3697118304074887,stratified
-2.5963575308923263,0.38117059173747536,stratified
-3.9967820775858858,1.6410218992757633,stratified
-2.5295892034244707,1.6782370035136858,stratified
2.391487940085096,-1.0974917325094375,stratified
3.245655779000135,-1.9551459824235435,stratified
0.806890612869326,-1.2365671885915235,stratified
-3.0745605823296067,-2.11524121770249,stratified
0.7703519012736237,-1.7058184137749566,stratified
-3.720817737538422,2.031769682514285,stratified
2.1107002243880215,-2.280326054943229,stratified
3.5448666663873234,2.26291595743136,stratified
-0.21050579869220437,2.06788704943527,stratified
-2.2775800144182456,1.4654649270479798,stratified
4.051686656356865,0.5177907136480542,stratified
2.8691347228006365,-2.038502054868803,stratified
1.1898076085257674,-0.5880125478284473,stratified
-0.26740492812044275,2.1644149923329907,stratified
-3.1402735124057375,2.15596336920851,stratified
-2.671880044693477,0.26919657030439226,stratified
-3.159141110297353,-2.1707705503526085,stratified
2.967192858944693,-0.893962187029215,stratified
1.1898076085257674,-0.5880125478284473,stratified
-2.1716317838281745,-0.17570348598437743,stratified
3.725894683239798,0.20138168290089326,stratified
-0.81972350646953,0.7017925463090949,stratified
-2.6721771742369733,0.3298525167434129,stratified
3.782199017640769,-1.3220385713908953,stratified
-3.7079471399429282,2.371069018477858,stratified
-2.855379172121205,1.9102256897946825,stratified
-3.1467265953161334,1.82554782040539,stratified
-3.488716670396999,-2.0819891036618787,stratified
-2.568178040339532,2.2156301014682476,stratified
3.137133019116554,0.45675565862366785,stratified
-2.1035406986408502,2.2825897517785796,stratified
-2.1716317838281745,-0.17570348598437743,stratified
-1.0156497873493795,2.100302699350865,stratified
-2.599076639993748,0.9761723017233854,stratified
3.328982774947934,0.35156048173826954,stratified
1.587917365614515,0.15667699184409786,stratified
0.15929878085178234,-0.7398030159608028,stratified
-2.949997414329574,1.4126742637468699,stratified
2.313919127900947,0.138751642540978,stratified
3.1900802837031277,0.49005415052290346,stratified
-1.9629329442804346,2.1326774867136584,stratified
3.305998954602541,2.7420864113060013,stratified
3.32059965512539,-1.0797089051219404,stratified
2.76863259918321,-0.980731243646371,stratified
-3.051962570512243,1.2959072745966436,stratified
-1.0964625973115578,-0.36845510352499855,stratified
4.30126639704589,0.4337866823211972,stratified
2.967192858944693,-0.893962187029215,stratified
3.3879946414352022,-1.7662292750141735,stratified
-2.7839783013834887,2.070710945773826,stratified
0.82400052347031,-0.595384679370112,stratified
-1.4727928041596743,-0.4664280278974815,stratified
0.5854655066570813,2.372751675353808,stratified
0.48833026021106957,-2.296778206632315,stratified
0.48518415868829323,-1.0904089763478355,stratified
3.7794357214715135,0.34971917965534105,stratified
-2.8805036887864097,0.013274207234077223,stratified
-2.3334144587907133,-0.04229014063389904,stratified
1.6707645597678216,0.12656141485325414,stratified
2.992132336189311,0.6659467812442093,stratified
-2.241284900223508,-1.7745285822263706,stratified
-2.5118907635277425,0.13016123323835035,stratified
2.9634907484523256,0.5594680673169281,stratified
-2.160566939828164,-0.093443729146724,stratified
-2.855379172121205,1.9102256897946825,stratified
1.4949538459462162,2.796570337702704,stratified
-3.0837521486974455,-2.4864962229416694,stratified
-3.6580747559795963,2.3827261681037757,stratified
1.3331123807716219,0.058289854199835726,stratified
0.28349930953101515,2.412954405436243,stratified
-3.2688331722407926,-0.4600886715181648,stratified
-1.010126461863769,-0.34143175213093074,stratified
2.9634907484523256,0.5594680673169281,stratified
0.7103404976516701,-0.6565962085523234,stratified
0.9448298047872414,-0.6479924808991625,stratified
3.305998954602541,2.7420864113060013,stratified
2.0142339675724146,0.3780098018838736,stratified
-2.6012692641557087,0.027689052688025188,stratified
2.7130701309663903,0.08907688028232655,stratified
1.8176919066712578,-0.9281027599639636,stratified
2.2698295242994933,0.2566816320756388,stratified
3.3752651343926003,0.4449693170757397,stratified
-0.6311384292379435,0.07888519653810339,stratified
4.372057630369813,-1.845293803547776,stratified
-1.010126461863769,-0.34143175213093074,stratified
-0.26740492812044275,2.1644149923329907,stratified
-1.621935951150208,-0.12639195379252757,stratified
-3.198453450260142,-0.02301564702189037,stratified
-2.160566939828164,-0.093443729146724,stratified
-1.768267015727734,0.054521998176946626,stratified
-3.434966150324043,-0.20579433829768584,stratified
1.551088981673241,0.34539254516724555,stratified
0.8300928019030286,-0.5821046926539057,stratified
-1.4106187266603611,2.3191355598533954,stratified
2.3419646777753202,-1.090552816842796,stratified
0.09408248408942373,-2.401883785389816,stratified
-2.120440332712203,0.3133527189608287,stratified
-2.055432991581461,2.569532344448336,stratified
3.566493501198306,0.48358680296144735,stratified
-1.3417745893412525,2.057053359469361,stratified
-2.517719106182658,0.4001731656054925,stratified
2.7575899523030403,-0.9885761505768653,stratified
-2.7526071009807036,-1.1975330243706797,stratified
4.141516047730164,0.46404828028268164,stratified
-2.7718408794877516,1.4847687760780146,stratified
1.7777472137459602,0.27507885719003305,stratified
2.999954593957493,-0.9114929038040543,stratified
-1.6863422182440466,-0.578954264787058,stratified
0.00039990111552488884,2.33260164015129,stratified
0.9446310267338272,-1.7604228284768462,stratified
-2.8436038388998193,2.0060104601001334,stratified
3.801915713062519,0.24284148300543174,stratified
-3.0745605823296067,-2.11524121770249,stratified
-3.217310433863091,0.16176408000816112,stratified
0.8823797506340707,-0.9866944077797185,stratified
5.409276888798117,4.093630950396444,stratified
-0.3634633723486769,-1.3317354904828362,stratified
-3.2463592603445255,1.9970201762060749,stratified
-3.725336060292315,1.645218990263878,stratified
3.188630562657573,0.804336097851957,stratified
4.0997775319121414,0.44755670236654665,stratified
-3.7037796334734696,3.7486826174443535,stratified
0.48518415868829323,-1.0904089763478355,stratified
2.664112120395585,0.6088547262360243,stratified
-2.1528153985970726,-2.3895700238170186,stratified
-2.2775800144182456,1.4654649270479798,stratified
-4.095360225416766,1.9476969555738406,stratified
1.6707645597678216,0.12656141485325414,stratified
1.482241823640977,-1.188259874601552,stratified
4.573377110387222,-1.2249584276163137,stratified
2.0216497033279044,0.38274929140041003,stratified
-0.21050579869220437,2.06788704943527,stratified
-2.311542859815437,0.22759489998315244,stratified
-0.04759384126104628,-0.401287074712379,stratified
2.929000152671995,0.5336161419001116,stratified
-2.278888920312951,-2.0992059379332155,stratified
-2.354534148440531,2.104591896898764,stratified
0.7521303816100006,-0.6088414862672865,stratified
2.9769487141312485,0.09195119619093216,stratified
-3.7079471399429282,2.371069018477858,stratified
-1.7130251445319475,-0.07854512694026057,stratified
0.27465032007891177,-0.6793947019690401,stratified
-2.387706675436596,2.6430856000319407,stratified
3.801915713062519,0.24284148300543174,stratified
1.234851201075635,-0.5591186732148344,stratified
-1.2668766941779102,-0.6198198093528217,stratified
-3.7037796334734696,3.7486826174443535,stratified
-2.6907803394833216,1.6216544656929528,stratified
2.3419646777753202,-1.090552816842796,stratified
0.9008427040702318,-0.5575029624934857,stratified
-3.1450844697377347,-2.6910410690076976,stratified
1.1703647753089983,-0.2832634142512228,stratified
2.585556188988717,0.564518323787342,stratified
-2.1506750282718006,-0.750242274831517,stratified
3.262970529404755,-0.5130249747061678,stratified
2.8052262881620145,3.3564907451945154,stratified
-2.024160545083997,-0.2063064551333816,stratified
-1.9451885383268441,-0.3057038387264825,stratified
1.6521218326827525,-0.7552213448114415,stratified
2.83931996151588,-0.32799687055484195,stratified
-2.9775845321660794,-2.515607041010823,stratified
-2.289526455127071,0.30647111040049885,stratified
-3.1589239658917707,0.20624594465126364,stratified
3.4407619600308883,0.08322118888647641,stratified
-1.8966227597423126,-2.5990028014182456,stratified
3.2058033473314103,0.14609217859442467,stratified
-2.9065366443521876,-2.605228654011479,stratified
1.1703647753089983,-0.2832634142512228,stratified
3.3027821312067798,0.12873847528843296,stratified
1.8677575434348197,0.13171205325092292,stratified
2.633790221083693,-0.5976459394414162,stratified
-1.9701238589874277,0.04841971506006029,stratified
2.6796381366763775,0.475806406469071,stratified
-0.8049838113327518,-1.453232834579596,stratified
-1.248368689538129,-0.37701151030396274,stratified
-1.2579531261298238,-0.4127479408845589,stratified
3.8562806486221133,0.5201417135021112,stratified
-0.3385794951136123,-1.030247062764883,stratified
-2.666408727889758,-1.2587440677465118,stratified
1.949353248693049,-0.5051417740137586,stratified
-2.2007111227689196,0.0015037280626679903,stratified
3.5125681458003672,-0.31375204473341406,stratified
2.8221491289428466,-0.4862594922696567,stratified
-2.289526455127071,0.30647111040049885,stratified
1.1293972568895356,-0.301561952031363,stratified
-4.256515297646102,3.43626709443513,stratified
2.8297905689151754,-0.39499225650639536,stratified
1.3823501817599222,-0.7071143752871634,stratified
-3.2522069359773575,-2.595867824484888,stratified
-4.256515297646102,3.43626709443513,stratified
-2.840414385729146,-0.25511837131686027,stratified
3.452590321726108,-0.19894591812745865,stratified
-0.9683309932941945,-1.177544503652288,stratified
3.4407619600308883,0.08322118888647641,stratified
3.3314409123651254,-0.2605640595835859,stratified
-2.6454659211302425,1.4141593767239233,stratified
2.661109535474416,-0.26207266435632215,stratified
1.3367682286142415,-0.8746233169543778,stratified
3.264849494245231,-0.2758058119279977,stratified
-0.7687414337951093,-0.2893540445276285,stratified
-3.6349867448650137,1.4171324805816878,stratified
3.6108098094128036,0.60115784231161,stratified
1.8846804469697944,-0.3803212152104201,stratified
-2.770920879041321,-2.3661548844696467,stratified
1.672564050997983,2.6339740863662127,stratified
2.5506639844977617,2.5428684385572655,stratified
3.7717451458260203,-0.45290920944130625,stratified
-0.5647843493002173,-0.0664698059680687,stratified
-2.50526399447214,-1.3782949724408204,stratified
-3.241239908157184,1.806798412132368,stratified
2.8379304709977546,-0.4757904151755633,stratified
5.095176187856571,4.218149762005316,stratified
-1.3337200688052515,-0.32031030981356634,stratified
-3.005156183451919,-2.7423797525604994,stratified
-1.6423875946834279,-2.250366595749,stratified
-0.9993507097968767,-0.35046202997439313,stratified
-2.9128963926413696,-2.645603070736473,stratified
2.633790221083693,-0.5976459394414162,stratified
1.0805526776502146,-0.2554548305128256,stratified
-2.45645259539961,0.12415174161597195,stratified
1.9868978027808315,-0.1390484859918497,stratified
1.6806746802980705,-0.656092625750751,stratified
-2.45645259539961,0.12415174161597195,stratified
3.218683538434264,-0.1884207685882331,stratified
-2.1506750282718006,-0.750242274831517,stratified
-3.005104907223701,-1.4642634760735331,stratified
-3.4215058662875957,1.3628586279634791,stratified
0.23992558275774453,0.003473077805558479,stratified
-2.598086682055822,0.2190055377301248,stratified
2.329664817023014,0.6466660510433655,stratified
1.6027092260793496,-0.06617219463202802,stratified
2.716697523225987,-0.3887695084460067,stratified
1.6027092260793496,-0.06617219463202802,stratified
-1.7174543534736908,-1.4196320307976076,stratified
3.3842155802977696,-0.5714787282273387,stratified
-1.457679316740618,-0.29255280398761124,stratified
2.1931753599660513,-0.14796222871173262,stratified
-2.289526455127071,0.30647111040049885,stratified
3.264849494245231,-0.2758058119279977,stratified
2.7565841581507273,-0.2615030914056101,stratified
3.537889528254212,-0.4685621860497589,stratified
-2.6609921729247876,-2.124008255241024,stratified
1.9868978027808315,-0.1390484859918497,stratified
-2.6664103993298247,1.6992153556149856,stratified
-1.2579531261298238,-0.4127479408845589,stratified
3.6006350349327683,3.1943846961694273,stratified
-0.5407099172729131,1.8626520050210003,stratified
3.7717451458260203,-0.45290920944130625,stratified
-0.3534311409552971,-0.05882487404645972,stratified
-2.5072241260823054,-2.323013968859388,stratified
-3.149089241618156,-0.30550344998194234,stratified
-0.810295480585079,-0.3998941054971768,stratified
-2.1567160751925623,0.07495650246569469,stratified
2.6366929244892208,-0.1839687636624752,stratified
0.3703711809620796,0.12284543542935553,stratified
-3.173339530968134,-1.2492377591590695,stratified
1.3657840994113883,-0.22093563632580326,stratified
0.5984848311475233,0.11088484716653575,stratified
3.6108098094128036,0.60115784231161,stratified
0.42128269144358865,2.4569229594751234,stratified
2.83931996151588,-0.32799687055484195,stratified
0.5984848311475233,0.11088484716653575,stratified
2.8664609977426707,0.7779669227510455,stratified
3.002787705716929,-1.2346994086640848,stratified
-1.9416256143154036,-0.519887399464215,stratified
-1.2350364366389333,-1.4137600199832898,stratified
-1.205333082621149,-1.255391446322306,stratified
-2.9388174552786346,-2.538575086818698,stratified
1.949353248693049,-0.5051417740137586,stratified
-0.3854588463438388,-1.0440972857695443,stratified
-2.2580379845679204,-0.3401344561018776,stratified
-2.024160545083997,-0.2063064551333816,stratified
-2.632837144297917,-0.13575745233591066,stratified
-1.314500971933025,-0.7071661871866147,stratified
3.079626609354655,0.08123407364084538,stratified
3.0650852989947746,2.522528534808498,stratified
-2.640615810819177,-2.5139787398406197,stratified
3.218683538434264,-0.1884207685882331,stratified
3.230058033843763,0.29118297081029526,stratified
-2.7031380713079045,-2.1925847788000374,stratified
1.5929346891157397,-0.7108992003585911,stratified
2.24517590734016,-0.017074717558402862,stratified
-0.683858863779796,1.8634668166040205,stratified
2.092139021564952,-0.7719592653411453,stratified
3.002787705716929,-1.2346994086640848,stratified
3.791013321334916,3.1279697592521423,stratified
-2.45645259539961,0.12415174161597195,stratified
-1.3337200688052515,-0.32031030981356634,stratified
-0.8431508505661442,-0.021833119982050272,stratified
-2.4672700098764118,-2.081834225128679,stratified
-2.200152602618447,-0.6041657125281588,stratified
1.498414405124154,2.6196010432702908,stratified
-2.5060432420331438,-2.0447127710036272,stratified
-0.21306691325758004,-0.9788647288256176,stratified
-1.3093272326511909,-1.4956713825535013,stratified
-2.8507851128814687,-2.0383665979684515,stratified
-0.9690520781399009,-0.936148585101877,stratified
-0.554326661766542,1.8421680057469039,stratified
-3.1237952411868606,-1.9300716760618826,stratified
-2.5653044627893244,-2.658870802219213,stratified
-2.843015237438148,-2.3817454539808267,stratified
2.240329869114823,0.3593621880770407,stratified
-1.1980365265724016,-1.2631484234170371,stratified
-3.098599732726065,-2.477604697333484,stratified
1.3129486308927558,-0.2345180549466568,stratified
-1.6657002025363083,-2.7385622919627783,stratified
0.8611218280341377,0.9067834798522277,stratified
3.619681131316155,-0.11517245148836755,stratified
3.31405890409762,-0.2129771790601173,stratified
3.452590321726108,-0.19894591812745865,stratified
-2.0054317142113174,-2.2895504014550365,stratified
2.7819596053961733,0.23538373472592428,stratified
-1.9274980947933547,-0.46651559020562283,stratified
3.002787705716929,-1.2346994086640848,stratified
-0.810295480585079,-0.3998941054971768,stratified
-0.9993507097968767,-0.35046202997439313,stratified
3.645914333709053,-0.15176822414122274,stratified
2.683211785713454,0.38071658546964665,stratified
-1.1461960094156414,-0.7076054784934638,stratified
3.415395486100385,0.5809484776899893,stratified
-0.9683309932941945,-1.177544503652288,stratified
-1.0349786437468858,-0.18302875476247404,stratified
-2.951469021122138,-2.8782280660859847,stratified
-3.133089244836174,-2.7090546316505724,stratified
-2.200152602618447,-0.6041657125281588,stratified
1.8142730479884315,0.1615075305388313,stratified
3.452590321726108,-0.19894591812745865,stratified
1.7242842630199193,-0.7798516186718826,stratified
-3.1108244554676543,-2.6586299818205332,stratified
2.3024202632232025,-0.46806187934602156,stratified
-2.357548814639829,0.30941824860727907,stratified
1.7591674412915537,-0.7936465072723894,stratified
-3.142706476209512,-2.7141950283620644,stratified
-0.05563598886730837,-0.07348490410004489,stratified
1.4404261270143257,-0.003992350762451058,stratified
-1.6695843174931229,-3.868294168051764,stratified
-2.666408727889758,-1.2587440677465118,stratified
1.3129486308927558,-0.2345180549466568,stratified
-2.9455470293427717,-0.7860191515622681,stratified
2.1571890398955307,2.6493541748869673,stratified
-1.9349575548015856,-0.2687786932129994,stratified
-3.187087359913274,-0.9954125144089396,stratified
0.017315299403070177,2.396704600346346,stratified
-2.204777202761424,0.310499578424697,stratified
3.31405890409762,-0.2129771790601173,stratified
1.319393829116239,-0.23344399132029178,stratified
-2.366729675340788,-2.5839913310586478,stratified
1.8780348228153962,-0.8112260270804542,stratified
