x,y,r,type
1.4396276782014614,1.4621491925818584,0.7239089739983834,random
-0.11452117592636198,-0.0733633783909217,-1.1792630708978622,random
0.49747526404107106,0.5184487583381706,-1.1204377531465237,random
-0.04204791329863965,-0.01738114924087243,-1.1792630708978622,random
-1.4029347337525366,-1.3609546488420552,0.17717955019182569,random
-1.1452520221873017,-1.1130333483204085,-0.3903117504681458,random
-0.8070434632579309,-0.7691425121129627,-1.1792630708978622,random
-0.033995328562226056,-0.01738114924087243,1.298320900276159,random
0.39279166246769437,0.3904893774237723,0.287909560076698,random
0.6021588656144478,0.6064208327168195,-1.1792630708978622,random
-0.24336253170897945,-0.21731768191961984,1.3813684076898136,random
0.006267595119841905,0.030603618602026948,0.21178267828084832,random
-0.033995328562226056,-0.009383687933722535,1.4367334126322497,random
0.39279166246769437,0.3984868387309222,-1.006247430452749,random
-1.2177252848150242,-1.217000345313357,0.274068308841089,random
-0.24336253170897945,-0.20132275930532006,-0.7744064722562972,random
0.3364235693127992,0.3664969935023226,-0.9508824255103127,random
0.2317399677394225,0.24653507389507415,1.1737496391556779,random
1.8180991608129002,1.806040028789304,1.9177168930696649,random
1.0208932719079546,1.0142913593814642,-0.902438046185681,random
2.091887041850962,2.109943558461,1.2775590234227459,random
-1.2338304542878513,-1.224997806620507,1.1910512032001892,random
0.2639503066850769,0.3025173030451234,-0.7640255338295905,random
-0.9680951579862027,-0.9850739674060099,0.37787769310815694,random
-0.42857198064649205,-0.39326183067691756,-1.1446599428088395,random
0.537738187723139,0.5504386035667702,-1.0754536866307942,random
-1.8860898179373522,-1.9207769403425479,-0.535644888442041,random
0.6182640350872749,0.6224157553311193,-1.172342445280058,random
0.320318399839972,0.3425046095808729,-0.8401524156254402,random
-0.05010049803505324,-0.033376071855172225,-1.1792630708978622,random
0.3847390777312808,0.4064843000380721,-0.888596794950072,random
-0.033995328562226056,-0.05736845577662192,-1.1792630708978622,random
0.3364235693127992,0.3584995321951727,-0.5910098933844772,random
0.8839993313889235,0.9023269010813657,-1.1792630708978622,random
-1.1130416832416474,-1.065048580477509,1.6166696786951675,random
-0.30778320960028815,-0.2653024497625192,-0.02005827991560351,random
1.1416820429541585,1.1582456629101623,0.04222735064463715,random
0.32837098457638564,0.22254268997362447,-1.1792630708978622,random
0.4572123403590031,0.49445637441672097,-1.1792630708978622,random
0.4894226793046575,0.5264462196453206,-1.0200886816883579,random
0.5780011114052069,0.5824284487953698,1.5959078018417543,random
1.4718380171471157,1.494139037810458,-1.1792630708978622,random
-0.29167804012746096,-0.2732999110696691,-0.14116922822718278,random
1.2624708140003624,1.262212659903111,0.5232108310820521,random
-0.15478409960842995,-0.281297372376819,-1.1792630708978622,random
1.2544182292639487,1.2302228146745113,-1.1446599428088395,random
-0.05815308277146683,-0.01738114924087243,-1.1100568147198169,random
0.030425349329082682,0.04659854121632674,0.862321486354474,random
-0.15478409960842995,-0.11335068492667119,-1.1792630708978622,random
-0.017890159089398873,0.014608695987727155,0.8069564814120377,random
-0.2997306248638746,-0.2892948336839689,1.2014321416268958,random
-0.41246681117366485,-0.37726690806261776,-1.1515805684266442,random
-1.3465666405976415,-1.368952110149205,1.9004153290251535,random
1.3913121697829798,1.4141644247389589,-0.9924061792171399,random
-1.4995657505895,-1.4649216458350038,1.1114640085954373,random
0.23979255247583608,0.22254268997362447,-0.417994252939364,random
0.43305458614976233,0.44647160657382157,-0.902438046185681,random
-0.7909382937851037,-0.7931348960344125,-0.5564067652954545,random
1.4154699239922206,1.4301593473532588,-0.22421673564083708,random
0.2236873830030089,0.1745579221307251,-1.0408505585417716,random
-1.378776979543296,-1.3449597262277555,-0.7086605288871541,random
0.8598415771796827,0.8623395945456163,-1.1792630708978622,random
-0.033995328562226056,-0.16933291407672046,-1.1792630708978622,random
2.631410219190673,2.6377760047328933,1.215273392862505,random
-0.017890159089398873,-0.02537861054802233,0.834638983883256,random
0.17537187458452735,0.11857569298067581,-1.1792630708978622,random
0.4894226793046575,0.5184487583381706,-1.1100568147198169,random
-0.44467715011931924,-0.43324913721266706,0.24638580636987098,random
-1.6686700300541852,-1.616873410670852,-0.07196297204913749,random
-0.42857198064649205,-0.44124659851981696,-1.0373902457328692,random
-1.040568420613925,-1.1610181161633077,1.751621878242356,random
0.2236873830030089,0.24653507389507415,-0.9924061792171399,random
-1.338514055861228,-1.3049724196920058,0.05952891468914848,random
0.1190037814296322,0.1505655382092754,-0.32802611990790503,random
0.6907372977149973,0.6544056005597189,-1.1792630708978622,random
-0.35609871801876974,-0.3372796015268683,0.3605761290636456,random
0.5296856029867254,0.5344436809524704,-1.1446599428088395,random
1.3832595850465663,1.406166963431809,1.0699402548886099,random
0.2720028914214905,0.262529996509374,-0.4249148785571685,random
0.2720028914214905,0.2785249191236737,-1.1792630708978622,random
0.2720028914214905,0.3105147643522733,-0.417994252939364,random
-0.033995328562226056,-0.01738114924087243,0.758512102087406,random
1.2946811529460167,1.3101974277460102,1.2775590234227459,random
-0.21920477749973868,-0.19332529799817016,-0.7363430313583723,random
0.09484602722039143,0.11857569298067581,1.0699402548886099,random
0.46526492509541667,0.48645891310957107,-1.1585011940444485,random
-1.1935675306057834,-1.1770130387776077,1.6858759348732129,random
-0.46883490432856,-0.43324913721266706,-0.08580422328474649,random
0.39279166246769437,0.3824919161166224,0.23946518075206635,random
-0.16283668434484352,-0.2573049884553693,-1.1792630708978622,random
1.4557328476742886,1.4861415765033081,-1.0754536866307942,random
-1.3465666405976415,-1.368952110149205,1.9004153290251535,random
-1.869984648464525,-1.8248074046567493,-0.8124699131542221,random
-1.733090707945494,-1.7528302528924002,0.21178267828084832,random
1.4879431866199428,1.5021364991176078,-0.43183550417497296,random
-0.2836254553910474,-0.2653024497625192,-0.4249148785571685,random
1.2222078903182945,1.254215198595961,0.7239089739983834,random
-1.1371994374508883,-1.0890409643989587,-0.6948192776515452,random
1.5201535255655974,1.5421238056533573,1.5820665506061449,random
-0.4849400738013872,-0.44924405982696686,0.6270202153491201,random
-1.8055639705732163,-1.7768226368138498,-0.3072642430544915,random
0.39279166246769437,0.4064843000380721,-1.006247430452749,random
-0.24336253170897945,-0.2573049884553693,-0.27266111496546885,random
-0.35609871801876974,-0.3212846789125685,-0.2865023662010779,random
1.407417339255807,1.4381568086604086,-1.1792630708978622,random
-1.515670920062327,-1.4649216458350038,-0.314184868672296,random
0.36058132352204,0.3984868387309222,-1.1792630708978622,random
-1.6445122758449444,-1.600878488056552,0.12873517086719377,random
0.8115260687612011,0.7903624427812671,-1.1585011940444485,random
1.0853139497992632,1.110260895067263,0.9107658656791057,random
0.39279166246769437,0.3824919161166224,0.23946518075206635,random
-0.0984160064535348,-0.06536591708377182,0.7896549173675264,random
-1.4109873184889503,-1.3769495714563549,0.7481311636606993,random
0.15121412037528656,0.19055284474502487,-0.34878799676131866,random
0.4572123403590031,0.49445637441672097,-1.1792630708978622,random
-0.3319409638095289,-0.2892948336839689,0.10105266839597575,random
0.4411071708861759,0.43847414526667167,-0.6636764623714249,random
-1.555933843744395,-1.600878488056552,1.5440031097082203,random
0.17537187458452735,0.20654776735932467,0.04222735064463715,random
1.463785432410702,1.4461542699675585,0.3294333137835253,random
1.6973103897666963,1.638093341339156,-0.9301205486568992,random
0.09484602722039143,0.11857569298067581,0.6616233434381428,random
-1.3707243948068824,-1.3529571875349053,1.3294637155562798,random
-1.3626718100704687,-1.312969880999156,-0.5910098933844772,random
-0.033995328562226056,-0.041373533162322125,0.8554008607366693,random
-0.17088926908125712,-0.129345607540971,-1.0754536866307942,random
0.32837098457638564,0.334507148273723,-1.1792630708978622,random
0.4250020014133487,0.43847414526667167,-0.968183989554824,random
-1.4834605811166726,-1.4489267232207041,-0.1480898538449873,random
-1.4351450726981911,-1.3929444940706548,-0.5737083293399659,random
1.0611561955900226,0.9343167463099653,-0.9370411742747037,random
1.4879431866199428,1.5181314217319075,0.8277183582654514,random
-1.9988260042471426,-2.096721089099846,1.3467652796007912,random
1.4154699239922206,1.4381568086604086,-0.20345485878742356,random
0.030425349329082682,0.05459600252347664,1.2325749569070164,random
1.4798906018835294,1.5021364991176078,-1.1792630708978622,random
0.5216330182503118,0.5344436809524704,-1.1411996299999372,random
0.03847793406549627,0.05459600252347664,-1.0166283688794557,random
-0.23530994697256585,-0.20132275930532006,-0.9093586718034855,random
-1.8055639705732163,-1.7528302528924002,-0.6948192776515452,random
0.34447615404921283,0.3664969935023226,0.6200995897313155,random
-2.047141512665624,-2.0487363212569463,-0.5425655140598455,random
-0.2997306248638746,-0.2573049884553693,1.4851777919568816,random
0.2236873830030089,0.24653507389507415,-1.0685330610129897,random
1.3993647545193935,1.4301593473532588,-1.0754536866307942,random
1.1255768734813312,1.1502482016030124,0.8692421119722786,random
0.28005547615790405,0.3185122256594232,-1.1792630708978622,random
-0.4768874890649736,-0.44924405982696686,-1.1792630708978622,random
0.18342445932094092,0.21454522866647457,1.658193432401995,random
-0.14673151487201636,-0.12134814623382109,-1.1792630708978622,random
-1.1049890985052337,-1.073046041784659,1.6893362476821154,random
0.30421323036714487,0.334507148273723,0.38133800591705924,random
-1.3304614711248144,-1.3049724196920058,-1.1792630708978622,random
-0.0017849896165716868,0.03860107990917685,-1.1792630708978622,random
0.5780011114052069,0.57443098748822,-1.1446599428088395,random
0.1270563661660458,0.1665604608235752,-1.1238980659554259,random
-1.3948821490161232,-1.368952110149205,1.554384048134927,random
-0.2997306248638746,-0.3132872176054186,-0.48720050911740925,random
-1.378776979543296,-1.3529571875349053,1.658193432401995,random
-0.033995328562226056,-0.041373533162322125,0.8554008607366693,random
0.4572123403590031,0.47046399049527127,-1.0754536866307942,random
-1.4915131658530862,-1.4489267232207041,1.7481615654334537,random
-0.06620566750788043,-0.02537861054802233,-0.7640255338295905,random
-0.30778320960028815,-0.2653024497625192,-0.02005827991560351,random
1.8583620844949682,1.8540247966322032,1.4851777919568816,random
0.7229476366606516,0.6704005231740187,-1.1792630708978622,random
0.030425349329082682,0.030603618602026948,-1.1792630708978622,random
0.19952962879376812,0.22254268997362447,1.4332730998233476,random
-0.12257376066277557,-0.0813608396980716,-0.9716443023637263,random
-1.2338304542878513,-1.224997806620507,1.1910512032001892,random
1.3913121697829798,1.3821745795103593,1.4090509101610318,random
-1.3465666405976415,-1.368952110149205,1.9004153290251535,random
-0.2836254553910474,-0.2573049884553693,-0.7225017801227633,random
-0.06620566750788043,-0.02537861054802233,-1.1792630708978622,random
-1.1371994374508883,-1.0890409643989587,-0.7294224057405678,random
0.21563479826659532,0.24653507389507415,-0.8955174205678765,random
-0.05010049803505324,-0.009383687933722535,-1.1792630708978622,random
-1.5639864284808085,-1.528901336292203,0.6893058459093607,random
1.1014191192720906,1.1182583563744128,0.5854964616422929,random
0.8276312382340284,0.8303497493170167,-1.1792630708978622,random
-0.05010049803505324,-0.01738114924087243,0.45746488771290894,random
0.4250020014133487,0.44647160657382157,1.395209658925423,random
-0.3480461332823561,-0.3052897562982687,-0.2449786124942507,random
-1.8941424026737659,-1.9207769403425479,-0.2449786124942507,random
-1.5317760895351542,-1.5448962589065027,1.2844796490405503,random
-0.3480461332823561,-0.3212846789125685,-0.41107362732155944,random
-1.6847751995270124,-1.7208404076638006,-0.770946159447395,random
-1.4270924879617775,-1.3929444940706548,-0.3972323760859503,random
0.06263568827473705,0.04659854121632674,-1.1446599428088395,random
-1.1291468527144746,-1.1050358870132584,-0.6429145855180112,random
-0.2997306248638746,-0.2972922949911188,-0.535644888442041,random
-0.4366245653829056,-0.39326183067691756,0.03184641221793046,random
0.28005547615790405,0.3105147643522733,-1.1792630708978622,random
1.3349440766280847,1.3421872729746098,-0.5564067652954545,random
-0.07425825224429401,-0.0813608396980716,1.0803211933153165,random
1.3188389071552575,1.3261923503603101,0.2048620526630437,random
0.10289861195680501,0.1345706155949756,-1.1169774403376216,random
-1.5237235047987405,-1.4729191071421537,-0.5564067652954545,random
1.3993647545193935,1.4301593473532588,-1.0754536866307942,random
-1.2096727000786105,-1.1610181161633077,-1.1792630708978622,random
-0.4366245653829056,-0.44124659851981696,-1.1792630708978622,random
-1.7491958774183212,-1.8248074046567493,0.3294333137835253,random
-1.6203545216357038,-1.5688886428279525,-0.17231204350730311,random
-0.32388837907311535,-0.2892948336839689,-0.27958174058327334,random
0.07068827301115065,0.08658584775207623,1.6235903043129722,random
0.8839993313889235,0.9103243623885156,-1.1169774403376216,random
0.3847390777312808,0.3824919161166224,-1.1792630708978622,random
0.5699485266687934,0.5264462196453206,0.17025892457402106,random
-0.35609871801876974,-0.3212846789125685,-0.705200216078252,random
-0.2755728706546338,-0.24131006584106954,-0.7640255338295905,random
0.44915975562258953,0.47846145180242117,-1.096215563484208,random
-0.12257376066277557,-0.0893583010052215,0.1356557964849984,random
0.29616064563073125,0.3025173030451234,-0.17231204350730311,random
-1.6203545216357038,-1.6648581785137513,1.0699402548886099,random
0.2317399677394225,0.24653507389507415,0.014544848173419136,random
-0.00983757435298528,0.014608695987727155,1.1945115160090913,random
2.1079922113237894,2.1259384810752997,0.9592102450037373,random
-1.4673554116438454,-1.4489267232207041,0.772353353323015,random
0.2720028914214905,0.18255538343787497,1.6927965604910176,random
0.5457907724595527,0.56643352618107,-1.1446599428088395,random
0.4572123403590031,0.47846145180242117,-1.0270093073061626,random
0.046530518801909865,0.04659854121632674,1.3536859052185957,random
-1.3063037169155736,-1.3609546488420552,1.7689234422868674,random
2.285149075524888,2.2938851685254478,-1.1792630708978622,random
0.02237276459266909,0.05459600252347664,1.2637177721871364,random
0.30421323036714487,0.334507148273723,0.38133800591705924,random
0.32837098457638564,0.22254268997362447,-1.1792630708978622,random
-1.4029347337525366,-1.456924184527854,1.3675271564542044,random
-0.05010049803505324,-0.02537861054802233,1.6028284274595588,random
0.31226581510355844,0.3025173030451234,-0.3764704992325368,random
0.09484602722039143,0.11857569298067581,0.47476645175742027,random
0.03847793406549627,0.07059092513777643,1.3294637155562798,random
0.17537187458452735,0.20654776735932467,-0.18269298193400993,random
0.49747526404107106,0.5184487583381706,-1.1204377531465237,random
-0.22725736223615228,-0.19332529799817016,-1.1792630708978622,random
0.006267595119841905,0.030603618602026948,0.21178267828084832,random
1.3993647545193935,1.422161886046109,-1.1792630708978622,random
0.3847390777312808,0.3984868387309222,-1.1792630708978622,random
-1.1774623611329562,-1.1850105000847575,0.29829049850340494,random
1.7295207287123506,1.7580552609464046,-0.7086605288871541,random
0.2558977219486633,0.2865223804308236,-0.4768195706907024,random
0.1351089509024594,0.1665604608235752,1.2810193362316478,random
-1.338514055861228,-1.312969880999156,1.4713365407212724,random
-1.2338304542878513,-1.2729825744634062,0.7931152301764287,random
1.3913121697829798,1.4141644247389589,-1.1792630708978622,random
0.19147704405735452,0.1745579221307251,1.6443521811663857,random
-1.596196767426463,-1.5928810267494022,1.1322258854488505,random
0.2558977219486633,0.2705274578165239,-0.7813270978741017,random
1.4396276782014614,1.4621491925818584,0.7239089739983834,random
0.20758221353018172,0.1585629995164253,1.0976227573598278,random
-1.596196767426463,-1.5928810267494022,1.1322258854488505,random
-1.596196767426463,-1.5528937202136528,1.4159715357788363,random
0.46526492509541667,0.47846145180242117,-0.5737083293399659,random
-0.3158357943367018,-0.2732999110696691,-0.4525973810283866,random
1.4718380171471157,1.494139037810458,-1.1792630708978622,random
0.046530518801909865,0.05459600252347664,1.402130284543227,random
-0.10646859118994839,-0.12134814623382109,-0.36608956080583,random
-0.0017849896165716868,-0.02537861054802233,-1.1792630708978622,random
-1.4431976574346046,-1.4169368779921045,1.8831137649806422,random
2.13214996553303,2.1259384810752997,1.3467652796007912,random
0.16731928984811376,0.1585629995164253,0.758512102087406,random
-0.05010049803505324,-0.009383687933722535,-1.1792630708978622,random
-0.2997306248638746,-0.3132872176054186,-0.48720050911740925,random
-0.29167804012746096,-0.2892948336839689,-1.1100568147198169,random
-1.2499356237606785,-1.2649851131562564,1.8381296984649127,random
0.02237276459266909,0.06259346383062654,-1.1100568147198169,random
0.03847793406549627,0.04659854121632674,1.2844796490405503,random
0.40889683194052157,0.43047668395952177,-1.1273583787643282,random
1.0047881024351273,1.0062938980743144,-0.8332317900076357,random
-0.15478409960842995,-0.12134814623382109,-0.8955174205678765,random
1.801993991340073,1.8140374900964538,-0.8436127284343425,random
1.4879431866199428,1.5181314217319075,-1.1792630708978622,random
-0.2836254553910474,-0.24930752714821944,-0.0892645360936488,random
-1.2096727000786105,-2.3606373122357924,-0.314184868672296,random
0.14316153563887296,0.1505655382092754,1.658193432401995,random
0.8839993313889235,0.9103243623885156,-1.1169774403376216,random
0.07874085774756423,0.05459600252347664,-1.1792630708978622,random
-1.1774623611329562,-1.1690155774704576,0.876162737590083,random
0.2639503066850769,0.20654776735932467,0.7100677227627744,random
-1.5800915979536359,-1.5368987975993529,0.9730514962393466,random
0.44915975562258953,0.43847414526667167,-0.29688330462778467,random
1.3993647545193935,1.406166963431809,1.1010830701687304,random
1.7617310676580051,1.7340628770249549,2.142637225648312,random
-0.13062634539918916,-0.10535322361952129,-0.05466140800462616,random
0.03847793406549627,0.05459600252347664,-1.0166283688794557,random
1.5282061103020108,1.4861415765033081,-0.417994252939364,random
-0.025942743825812464,0.014608695987727155,-1.0408505585417716,random
-1.596196767426463,-1.5928810267494022,1.1322258854488505,random
1.8180991608129002,1.8300324127107537,0.848480235118865,random
-0.16283668434484352,-0.15333799146242066,-1.1792630708978622,random
0.09484602722039143,0.1265731542878257,-0.7432636569761768,random
0.2236873830030089,0.24653507389507415,-1.0270093073061626,random
0.07874085774756423,0.06259346383062654,0.4124808211971796,random
-0.05010049803505324,-0.02537861054802233,1.499019043192491,random
0.09484602722039143,0.1265731542878257,-1.1169774403376216,random
-1.5639864284808085,-1.5368987975993529,1.1668290135378732,random
-0.3802564722280105,-0.3452770628340182,0.339814252210232,random
-0.0017849896165716868,0.02260615729487705,0.8277183582654514,random
0.10289861195680501,0.1425680769021255,-1.1100568147198169,random
1.8180991608129002,1.806040028789304,1.9177168930696649,random
-0.9680951579862027,-1.0250612739417595,-0.12040735137376914,random
0.39279166246769437,0.3744944548094725,0.19794142704523907,random
1.4557328476742886,1.4621491925818584,1.630510929930777,random
-1.0969365137688203,-1.0490536578632093,-1.1792630708978622,random
-0.21920477749973868,-0.17733037538387036,-0.9370411742747037,random
-1.2740933779699193,-1.2649851131562564,0.40556019557937495,random
0.46526492509541667,0.48645891310957107,-1.047771184159576,random
-1.0083580816682707,-1.0330587352489093,1.2325749569070164,random
-0.033995328562226056,-0.041373533162322125,0.8554008607366693,random
-0.2997306248638746,-0.2653024497625192,-0.4664386322639956,random
0.31226581510355844,0.3025173030451234,-0.3764704992325368,random
-0.3158357943367018,-0.281297372376819,-0.4664386322639956,random
0.2881080608943177,0.3265096869665731,-1.1792630708978622,random
1.4798906018835294,1.4861415765033081,0.6512424050114358,random
0.2639503066850769,0.3025173030451234,-0.7640255338295905,random
0.6826847129785837,0.7103878297097682,-1.1792630708978622,random
0.2720028914214905,0.2785249191236737,-1.1792630708978622,random
-0.8634115564128261,-0.8491171251844617,-0.32110549429010055,random
0.054583103538323456,0.04659854121632674,1.6997171861088223,random
-0.42857198064649205,-0.44124659851981696,-1.0373902457328692,random
1.3107863224188439,1.3181948890531603,1.3882890333076183,random
1.069208780326436,1.0462812046100638,-0.03735984396011483,random
0.17537187458452735,0.20654776735932467,1.3398446539829865,random
0.32837098457638564,0.3425046095808729,0.5854964616422929,random
-1.0325158358775115,-1.0970384257061085,0.2048620526630437,random
-1.3063037169155736,-1.3049724196920058,-1.1792630708978622,random
-1.4270924879617775,-1.384947032763505,-0.43183550417497296,random
1.407417339255807,1.4301593473532588,1.6408918683574836,random
0.19952962879376812,0.23054015128077437,1.2187337056714072,random
-1.652564860581358,-1.600878488056552,0.48168707737522487,random
-1.652564860581358,-1.600878488056552,0.48168707737522487,random
0.49747526404107106,0.5184487583381706,-1.1446599428088395,random
0.2639503066850769,0.2705274578165239,0.23254455513426173,random
-1.475407996380259,-1.4249343392992544,1.5197809200459043,random
-1.4351450726981911,-1.3929444940706548,-0.9716443023637263,random
-0.44467715011931924,-0.40925675329121736,0.1494970477206074,random
0.11095119669321861,0.1265731542878257,-1.0892949378664032,random
0.2720028914214905,0.2945198417379735,-1.1792630708978622,random
0.3686339082584536,0.3824919161166224,-0.9785649279815308,random
-0.4768874890649736,-0.44924405982696686,-1.1792630708978622,random
-1.5478812590079813,-1.616873410670852,1.454034976676761,random
-0.46078231959214644,-0.44124659851981696,-0.8678349180966584,random
1.4879431866199428,1.5021364991176078,1.606288740268461,random
-0.14673151487201636,-0.10535322361952129,-1.1100568147198169,random
1.463785432410702,1.4461542699675585,0.3294333137835253,random
0.08679344248397783,0.10258077036637601,-1.1446599428088395,random
-0.10646859118994839,-0.0733633783909217,-0.3764704992325368,random
0.16731928984811376,0.1585629995164253,0.914226178488008,random
0.16731928984811376,0.18255538343787497,1.3329240283651818,random
0.19952962879376812,0.19855030605217477,1.291400274658355,random
2.0677292876417215,2.0779537132324,1.239495582524821,random
-1.8780372332009387,-1.8887870951139483,0.274068308841089,random
0.28005547615790405,0.2785249191236737,0.7239089739983834,random
0.46526492509541667,0.47846145180242117,-1.0823743122485987,random
0.19147704405735452,0.19055284474502487,-0.968183989554824,random
1.3913121697829798,1.4141644247389589,-0.9924061792171399,random
1.7295207287123506,1.726065415717805,2.1807006665462367,random
-1.1371994374508883,-1.3529571875349053,1.8658122009361309,random
0.19952962879376812,0.23853761258792427,1.3467652796007912,random
2.389832677098265,2.325875013754047,-1.1792630708978622,random
-1.4270924879617775,-1.4009419553778046,-0.06504234643133286,random
-1.4270924879617775,-1.3929444940706548,1.4298127870144457,random
1.50404835609277,1.5261288830390576,1.0976227573598278,random
0.48137009456824387,0.44647160657382157,-1.1792630708978622,random
-0.35609871801876974,-0.3212846789125685,-0.10656610013816013,random
0.054583103538323456,0.07059092513777643,-0.6602161495625225,random
1.1819449666362265,1.1262558176815627,0.37787769310815694,random
1.4798906018835294,1.4861415765033081,1.4851777919568816,random
-1.6123019368992901,-1.5608911815208026,-1.1792630708978622,random
-1.3868295642797095,-1.368952110149205,1.3779080948809117,random
0.2558977219486633,0.24653507389507415,1.2083527672447005,random
-0.0017849896165716868,0.03860107990917685,-1.1792630708978622,random
-0.2755728706546338,-0.24131006584106954,-0.6602161495625225,random
0.6102114503508613,0.6064208327168195,-1.1446599428088395,random
-0.35609871801876974,-0.3212846789125685,0.2809889344588936,random
-1.596196767426463,-1.5528937202136528,1.4159715357788363,random
-0.2836254553910474,-0.24930752714821944,1.291400274658355,random
-0.3319409638095289,-0.2892948336839689,0.10105266839597575,random
-0.11452117592636198,-0.0813608396980716,-0.4664386322639956,random
0.30421323036714487,0.08658584775207623,-0.48374019630850695,random
-0.06620566750788043,-0.04937099446947202,-0.45605769383728895,random
-1.4029347337525366,-1.3609546488420552,0.6477820922025335,random
1.1577872124269857,1.174240585524462,1.1979718288179937,random
0.3847390777312808,0.3664969935023226,-0.45951800664619114,random
-0.21920477749973868,-0.21731768191961984,-0.2934229918188824,random
1.4879431866199428,1.5181314217319075,-0.7294224057405678,random
0.9886829329623001,0.9343167463099653,-0.9716443023637263,random
0.09484602722039143,0.09458330905922613,-1.1688821324711554,random
0.6021588656144478,0.6224157553311193,-1.1308186915732306,random
1.4154699239922206,1.4381568086604086,-0.20345485878742356,random
-0.00983757435298528,-0.01738114924087243,1.713558437344431,random
2.591147295508605,-2.696530687136088,-1.1792630708978622,random
-0.3641513027551833,-0.3292821402197184,0.2809889344588936,random
-0.17088926908125712,-0.1453405301552708,-1.1585011940444485,random
0.24784513721224968,0.2865223804308236,-0.5910098933844772,random
-0.23530994697256585,-0.20932022061246996,-1.1792630708978622,random
-0.033995328562226056,-0.041373533162322125,0.8554008607366693,random
-0.15478409960842995,-0.11335068492667119,-1.1792630708978622,random
1.5282061103020108,1.5421238056533573,1.4920984175746863,random
1.5282061103020108,1.4861415765033081,-0.417994252939364,random
-0.2997306248638746,-0.2892948336839689,1.2014321416268958,random
0.030425349329082682,0.04659854121632674,-1.1792630708978622,random
0.36058132352204,0.3984868387309222,-0.6636764623714249,random
1.5362586950384245,1.5581187282676572,1.3467652796007912,random
0.1351089509024594,0.1665604608235752,0.99381337309276,random
-0.033995328562226056,-0.02537861054802233,-1.1792630708978622,random
-0.00983757435298528,0.014608695987727155,-0.8851364821411697,random
-0.46078231959214644,-0.41725421459836726,0.024925786600125833,random
-0.033995328562226056,-0.0013862266265726381,-1.1169774403376216,random
-0.00983757435298528,0.006611234680577258,1.3329240283651818,random
0.3525287387856264,0.3505020708880228,0.028386099409028146,random
-1.3707243948068824,-1.3209673423063057,0.0664495403069531,random
-0.4849400738013872,-0.44924405982696686,0.6270202153491201,random
0.5296856029867254,0.5424411422596204,-0.8816761693322673,random
1.6489948813482147,1.6540882639534558,1.3606065308364004,random
-0.07425825224429401,-0.033376071855172225,-1.1792630708978622,random
0.2558977219486633,0.2945198417379735,-0.27958174058327334,random
0.4411071708861759,0.42247922265237187,-0.33148643271680733,random
0.03847793406549627,0.03860107990917685,0.6477820922025335,random
-0.07425825224429401,-0.033376071855172225,-1.1792630708978622,random
1.6973103897666963,1.6700831865677557,1.4851777919568816,random
0.6746321282421701,0.6304132166382692,0.9661308706215419,random
-1.6606174453177716,-1.608875949363702,0.37787769310815694,random
-1.0566735900867523,-1.0490536578632093,1.8104471959936947,random
0.23979255247583608,0.2705274578165239,0.7931152301764287,random
-1.338514055861228,-1.3369622649206054,1.7031774989177242,random
-0.29167804012746096,-0.24930752714821944,-0.21037548440522807,random
-1.5317760895351542,-1.5049089523707533,0.8415596095010603,random
0.5296856029867254,0.5424411422596204,-1.1446599428088395,random
0.17537187458452735,0.1265731542878257,-1.1792630708978622,random
0.17537187458452735,0.18255538343787497,1.0353371267995872,random
1.6167845424025604,1.5981060348034066,1.2291146440981138,random
-0.4929926585378008,-0.46523898244126666,1.0768608805064146,random
1.7053629745031098,1.6220984187248564,-1.0408505585417716,random
-1.0888839290324066,-1.073046041784659,1.3121621515117685,random
-0.11452117592636198,-0.0813608396980716,-0.4664386322639956,random
0.1351089509024594,0.1585629995164253,1.2083527672447005,random
-1.3304614711248144,-1.3209673423063057,-1.1792630708978622,random
-1.6606174453177716,-1.680853101128051,1.0007339987105646,random
-0.3158357943367018,-0.2732999110696691,-0.7640255338295905,random
1.2785759834731896,1.3021999664388604,1.554384048134927,random
1.463785432410702,1.4461542699675585,0.3294333137835253,random
2.172412889215098,2.181920710225349,1.3467652796007912,random
-1.596196767426463,-1.5528937202136528,1.4159715357788363,random
-1.3063037169155736,-1.3609546488420552,1.7689234422868674,random
0.29616064563073125,0.3105147643522733,-0.058121720813528475,random
-0.0903634217171212,-0.0813608396980716,1.2429558953337232,random
-1.1210942679780609,-1.0890409643989587,-0.6602161495625225,random
-1.378776979543296,-1.3289648036134556,1.3467652796007912,random
-1.6686700300541852,-1.616873410670852,-0.07196297204913749,random
0.046530518801909865,0.07858838644492633,1.0111149371372712,random
1.3913121697829798,1.4141644247389589,0.5785758360244881,random
1.407417339255807,1.4301593473532588,1.450574663867859,random
-1.5076183353259134,-1.456924184527854,-1.1792630708978622,random
-1.3626718100704687,-1.312969880999156,-0.5910098933844772,random
-0.46078231959214644,-0.44124659851981696,-0.8678349180966584,random
0.3364235693127992,0.334507148273723,-0.10656610013816013,random
-1.515670920062327,-1.4649216458350038,-1.1792630708978622,random
1.18999755137264,1.2222253533673615,0.16333829895621643,random
2.591147295508605,2.6057861595042935,0.8934643016345943,random
-1.6445122758449444,-1.600878488056552,0.12873517086719377,random
-1.3948821490161232,-1.368952110149205,1.554384048134927,random
1.463785432410702,1.4861415765033081,1.0387974396084894,random
-0.3883090569644241,-0.3532745241411681,-0.10656610013816013,random
-1.3546192253340552,-1.3209673423063057,-0.5079623859708229,random
0.1270563661660458,0.1345706155949756,0.6893058459093607,random
-1.4270924879617775,-1.384947032763505,-0.11348672575596463,random
-0.3641513027551833,-0.3212846789125685,1.5197809200459043,random
-0.2030996080269115,-0.17733037538387036,-0.2934229918188824,random
-0.3722038874915969,-0.3452770628340182,0.2187033038986527,random
0.07874085774756423,0.10258077036637601,-1.0200886816883579,random
-0.3158357943367018,-0.281297372376819,0.6374011537758268,random
-1.636459691108531,-1.5848835654422524,0.4124808211971796,random
-0.5010452432742144,-0.45724152113411676,-1.1446599428088395,random
0.16731928984811376,0.1585629995164253,0.914226178488008,random
-0.033995328562226056,-0.02537861054802233,-1.1792630708978622,random
-1.3546192253340552,-1.3209673423063057,-1.02354899449726,random
-1.4512502421710183,-1.4249343392992544,1.7170187501533336,random
0.10289861195680501,0.1265731542878257,-0.4387561297927776,random
-0.22725736223615228,-0.18532783669102026,-1.1792630708978622,random
0.29616064563073125,0.3105147643522733,0.5820361488333905,random
-1.5317760895351542,-1.5448962589065027,1.2844796490405503,random
0.6102114503508613,0.6064208327168195,-1.1446599428088395,random
1.3913121697829798,1.422161886046109,-0.9716443023637263,random
0.4572123403590031,0.47046399049527127,-1.0754536866307942,random
-0.41246681117366485,-0.41725421459836726,-0.058121720813528475,random
-0.3319409638095289,-0.2892948336839689,-0.05466140800462616,random
0.49747526404107106,0.5104512970310208,-1.172342445280058,random
-0.8312012174671717,-0.9210942769488107,0.48168707737522487,random
1.5604164492476653,1.5581187282676572,0.2048620526630437,random
2.4945162786716417,2.493821701204195,1.6374315555485814,random
0.28005547615790405,0.20654776735932467,0.17717955019182569,random
2.0999396265873758,2.0859511745395505,1.3813684076898136,random
-0.017890159089398873,0.006611234680577258,1.6235903043129722,random
-1.829721724782457,-1.8088124820424494,-0.6256130214734998,random
0.2881080608943177,0.2945198417379735,1.018035562755076,random
1.3913121697829798,1.422161886046109,-0.9716443023637263,random
-1.829721724782457,-1.8088124820424494,-0.6256130214734998,random
-0.33999354854594255,-0.3052897562982687,-0.3903117504681458,random
1.4154699239922206,1.4301593473532588,1.5197809200459043,random
-0.2030996080269115,-0.17733037538387036,-0.2934229918188824,random
-1.4351450726981911,-1.3929444940706548,-0.5737083293399659,random
-0.06620566750788043,-0.02537861054802233,-0.7640255338295905,random
2.389832677098265,2.325875013754047,-1.1792630708978622,random
-0.9922529121954435,-0.9450866608702605,-0.8678349180966584,random
1.50404835609277,1.5341263443462074,-0.48720050911740925,random
-0.2594677011818066,-0.21731768191961984,-1.1446599428088395,random
-1.9988260042471426,-2.096721089099846,1.3467652796007912,random
0.5538433571959662,0.5504386035667702,-1.1792630708978622,random
0.3364235693127992,0.3664969935023226,-0.3764704992325368,random
0.4894226793046575,0.5024538357238708,-1.1065965019109145,random
-0.033995328562226056,-0.02537861054802233,0.4470839492862022,random
1.3993647545193935,1.422161886046109,0.17025892457402106,random
0.11095119669321861,0.1425680769021255,-0.40415300170375495,random
-1.8619320637281114,-1.9367718629568478,1.0353371267995872,random
0.28005547615790405,0.3185122256594232,-0.1757723563162054,random
1.3349440766280847,1.3261923503603101,1.5197809200459043,random
1.4959957713563565,1.5101339604247577,-0.5079623859708229,random
-1.3626718100704687,-1.312969880999156,-0.5564067652954545,random
0.24784513721224968,0.262529996509374,1.2775590234227459,random
1.0208932719079546,1.022288820688614,1.0907021317420234,random
0.030425349329082682,0.04659854121632674,-0.5771686421488682,random
-2.2242983768667233,-2.4326144640001415,0.5162902054642475,random
0.054583103538323456,0.08658584775207623,0.3086714369301116,random
-1.2257778695514376,-1.2569876518491065,1.7585425038601608,random
-0.05010049803505324,-0.01738114924087243,0.45746488771290894,random
1.4959957713563565,1.5101339604247577,1.1910512032001892,random
-0.4849400738013872,-0.44924405982696686,0.0664495403069531,random
0.2558977219486633,0.2865223804308236,-0.8920571077589742,random
2.2448861518428203,2.029968945389501,-0.3833911248503413,random
-1.8619320637281114,-1.9367718629568478,1.0353371267995872,random
-0.10646859118994839,-0.0733633783909217,-1.0235489944972602,random
-0.3883090569644241,-0.361271985448318,0.38133800591705924,random
1.6167845424025604,1.5821111121891067,-0.6948192776515452,random
0.2317399677394225,0.24653507389507415,1.1737496391556779,random
0.006267595119841905,0.030603618602026948,0.21178267828084832,random
0.3364235693127992,0.3584995321951727,-0.5910098933844772,random
0.34447615404921283,0.3425046095808729,-0.5564067652954545,random
-1.3546192253340552,-1.312969880999156,0.9522896193859329,random
0.3686339082584536,0.3904893774237723,0.7169883483805788,random
-0.025942743825812464,-0.01738114924087243,1.0699402548886099,random
1.2222078903182945,1.2302228146745113,-0.8539936668610494,random
1.2141553055818808,1.2462177372888112,-0.417994252939364,random
-0.44467715011931924,-0.40925675329121736,0.7654327277052106,random
-1.4351450726981911,-1.4169368779921045,-0.41107362732155944,random
0.39279166246769437,0.3984868387309222,-1.006247430452749,random
0.795420899288374,0.7983599040884171,-1.1792630708978622,random
0.15121412037528656,0.1585629995164253,-0.26228017653876207,random
1.5362586950384245,1.566116189574807,-0.48720050911740925,random
1.3107863224188439,1.262212659903111,-1.1792630708978622,random
-0.3641513027551833,-0.3532745241411681,-1.1446599428088395,random
0.29616064563073125,0.3025173030451234,0.3640364418725479,random
1.4959957713563565,1.5101339604247577,1.7412409398156494,random
-1.2579882084970921,-1.2729825744634062,1.554384048134927,random
-0.4527297348557328,-0.41725421459836726,0.5508933335532702,random
1.50404835609277,1.5261288830390576,0.5335917695087589,random
-1.6606174453177716,-1.608875949363702,0.37787769310815694,random
1.1255768734813312,1.1502482016030124,0.8692421119722786,random
0.006267595119841905,0.030603618602026948,1.402130284543227,random
0.006267595119841905,0.006611234680577258,1.7550821910512582,random
-0.4366245653829056,-0.39326183067691756,0.03184641221793046,random
0.06263568827473705,0.04659854121632674,-1.1792630708978622,random
0.10289861195680501,0.1345706155949756,0.876162737590083,random
-0.2594677011818066,-0.2892948336839689,0.17025892457402106,random
0.09484602722039143,0.1265731542878257,-1.1169774403376216,random
1.1336294582177449,1.0542786659172136,-0.03735984396011483,random
0.30421323036714487,0.334507148273723,0.38133800591705924,random
-1.1613571916601289,-1.145023193549008,0.12873517086719377,random
-0.41246681117366485,-0.41725421459836726,-0.058121720813528475,random
0.030425349329082682,0.03860107990917685,-1.1792630708978622,random
-1.692827784263426,-1.680853101128051,0.25330643198767533,random
-0.24336253170897945,-0.2573049884553693,-0.27266111496546885,random
-1.6203545216357038,-1.5768861041351023,0.1218145452493894,random
-1.4915131658530862,-1.4489267232207041,0.8138771070298424,random
0.49747526404107106,0.5184487583381706,-1.1446599428088395,random
-1.81361655530963,-1.7928175594281497,-0.21037548440522807,random
-0.12257376066277557,-0.0973557623123714,0.834638983883256,random
-0.33999354854594255,-0.3212846789125685,1.1737496391556779,random
-1.6445122758449444,-1.6408657945923015,1.1391465110666552,random
2.2448861518428203,2.029968945389501,-0.3833911248503413,random
-0.0017849896165716868,0.02260615729487705,0.8277183582654514,random
-1.3304614711248144,-1.2809800357705563,-0.8332317900076357,random
-1.652564860581358,-1.600878488056552,1.554384048134927,random
-0.08231083698070761,-0.041373533162322125,-1.1792630708978622,random
-0.22725736223615228,-0.18532783669102026,-1.1792630708978622,random
0.19147704405735452,0.19855030605217477,1.1391465110666552,random
0.17537187458452735,0.1585629995164253,-0.6186923958556954,random
0.2720028914214905,0.262529996509374,-0.4249148785571685,random
0.32837098457638564,0.3584995321951727,-1.1446599428088395,random
-0.32388837907311535,-0.2892948336839689,-0.27958174058327334,random
0.36058132352204,0.3824919161166224,-1.0270093073061626,random
0.8598415771796827,0.8623395945456163,-1.1792630708978622,random
0.17537187458452735,0.11857569298067581,-1.1792630708978622,random
-0.05010049803505324,-0.01738114924087243,-1.1792630708978622,random
0.17537187458452735,0.1665604608235752,1.5889871762239496,random
0.08679344248397783,0.11857569298067581,-0.7363430313583723,random
1.0772613650628498,1.102263433760113,-0.836692102816538,random
0.2558977219486633,0.2945198417379735,-0.1757723563162054,random
-1.4270924879617775,-1.384947032763505,-0.009677341488896816,random
1.4718380171471157,1.5021364991176078,0.07337016592475773,random
-1.3815297220327907,-1.357012875883684,-1.0962701015233904,stratified
0.1359074031845897,0.16094184990492566,-0.922787379625739,stratified
1.4493879255501716,1.4585483090468014,1.8565503941095527,stratified
-0.03541614321092099,-0.03492327600328201,1.227675527230566,stratified
1.8736176594819123,1.8747617016017426,1.6613823319746945,stratified
-0.3372719154315827,-0.3123988710399095,0.783126052367834,stratified
1.4738627178923875,1.4830314497853274,1.8782357343467588,stratified
0.5846119294585462,0.568994195547025,-1.0854274314047871,stratified
-0.3372719154315827,-0.3123988710399095,-0.18187158818785243,stratified
0.08695781850015807,0.10381452151503176,-0.2613845023909427,stratified
1.4738627178923875,1.4585483090468014,0.4542317254368697,stratified
0.021691705587582568,0.03036509929945388,-1.1215696651334646,stratified
-1.4141627784890785,-1.4059791573607356,0.5554299798771662,stratified
1.2127982662420855,1.2382000424000676,1.3794729088910112,stratified
2.6731275426609624,2.543967548454786,1.5529556307886625,stratified
-1.854709040648963,-1.838514643741361,0.04582448430281502,stratified
1.4167548690938838,1.4422262152211174,1.8240223837537428,stratified
-0.165948369036072,-0.13285583895738584,-1.1215696651334646,stratified
0.21749004432530908,0.2507133659461875,-0.9408584964900776,stratified
-0.1006822561234965,-0.07572851056749194,-0.326440523102562,stratified
-0.30463885897529497,-0.27159363647569956,-0.10958712073049766,stratified
0.16854045964087744,0.10381452151503176,-1.1215696651334646,stratified
-0.165948369036072,-0.13285583895738584,-1.1215696651334646,stratified
1.0659495121887905,0.9362413066249143,-0.8685740290327228,stratified
-0.3943797642300863,-0.3695261994298034,1.603554758008811,stratified
0.39697185483489167,0.3812901165516593,1.2204470804848304,stratified
0.07879955438608613,0.10381452151503176,-0.658949073406394,stratified
-1.6589107019112366,-1.6263274240074694,-0.0011604195444654844,stratified
-0.02725787909684906,-0.018601182177598034,0.16509385560745057,stratified
1.2127982662420855,1.2382000424000676,1.3794729088910112,stratified
0.1359074031845897,0.16094184990492566,-1.1071127716419937,stratified
1.3678052844094521,1.3198105115284875,-1.1215696651334646,stratified
0.062483026157942254,0.09565347460218977,0.9023954236724693,stratified
-1.495745419629798,-1.4631064857506297,-1.1215696651334646,stratified
0.25012310078159683,0.2425523190333455,-0.4167961074242555,stratified
-0.3291136513175108,-0.3042378241270675,-0.06983066362895247,stratified
-0.36990497188787047,-0.33688201177843546,0.6132575538430501,stratified
0.5438206088881865,0.560833148634183,-1.0854274314047871,stratified
-0.11699878435164038,-0.08388955748033393,0.07835249465862487,stratified
1.4493879255501716,1.4667093559596434,1.6396969917374884,stratified
-0.165948369036072,-0.13285583895738584,-1.1215696651334646,stratified
0.3398640060363881,0.3731290696388173,-1.0492851976761097,stratified
1.4493879255501716,1.4667093559596434,1.6396969917374884,stratified
0.43776317540525134,0.41393430420302724,-0.23608493878086853,stratified
-0.4188545565723021,-0.3940093401683294,0.8373394029608501,stratified
-1.5446950043142296,-1.5120727672276815,-1.1215696651334646,stratified
-1.6670689660253086,-1.6344884709203114,0.5409730863856954,stratified
-1.5446950043142296,-1.5120727672276815,-1.1215696651334646,stratified
-1.5120619478579418,-1.4794285795763136,-1.1215696651334646,stratified
0.2011735160971652,0.14461975607924168,1.2565893142135076,stratified
-0.30463885897529497,-0.27975468338854154,-0.05898799351034936,stratified
-1.1530983268387764,-1.1203425154112663,0.9385376574011467,stratified
1.0904243045310065,1.115784338707438,1.0614212520786497,stratified
-1.1612565909528485,-1.1366646092369501,0.27352055679348275,stratified
-0.32095538720343886,-0.41033143399401334,-1.1215696651334646,stratified
-1.454954099059438,-1.4549454388377876,1.9577486485498492,stratified
-1.6425941736830927,-1.6181663770946273,1.664996555347562,stratified
0.1359074031845897,0.16094184990492566,-0.922787379625739,stratified
0.3398640060363881,0.29967964742323944,0.4686886189283406,stratified
-0.2883223307471511,-0.2634325895628576,0.23737832306480533,stratified
0.062483026157942254,0.09565347460218977,0.9023954236724693,stratified
-0.010941350868705183,0.005881958560927922,-0.37342542694984265,stratified
-1.8873420971052508,-1.895641972131255,-0.326440523102562,stratified
0.6825110988274095,0.6669267585011288,-1.1215696651334646,stratified
-1.854709040648963,-1.838514643741361,0.04582448430281502,stratified
0.14406566729866163,0.16910289681776763,-0.8902593692699292,stratified
0.4051301189489636,0.3894511634645013,-1.1215696651334646,stratified
-0.3372719154315827,-0.3123988710399095,-0.12404401422196856,stratified
0.4051301189489636,0.3894511634645013,-1.1215696651334646,stratified
-1.71601855070974,-1.7324210338744153,1.6396969917374884,stratified
-1.5120619478579418,-1.4957506734019976,0.9023954236724693,stratified
-0.4596458771426618,-0.589874466076537,-0.3408974165940329,stratified
-1.21020617563728,-1.21827507836537,0.4325463851996632,stratified
-0.04357440732499293,-0.059406416741807966,1.003593678112766,stratified
-1.21020617563728,-1.21827507836537,0.4325463851996632,stratified
0.01353344147351063,0.038526146212295866,-1.1215696651334646,stratified
-0.12515704846571232,-0.13285583895738584,-0.8035180083211035,stratified
0.9027842299073519,0.7975035091066006,-1.1215696651334646,stratified
0.34802227015046006,0.34048488198744936,0.13979429199737628,stratified
-0.2556892742908633,-0.28791573030138357,-1.0854274314047871,stratified
-0.296480594861223,-0.27975468338854154,0.30243434377642453,stratified
-1.4141627784890785,-1.4059791573607356,0.5554299798771662,stratified
-0.04357440732499293,-0.07572851056749194,-1.1215696651334646,stratified
0.0706412902720142,0.08749242768934778,1.4445289296026302,stratified
0.03800823381572644,0.05484824003797984,1.2312897506034335,stratified
1.3759635485235242,1.3279715584413296,-0.9047162627614003,stratified
-0.3372719154315827,-0.3042378241270675,-0.21801382191652982,stratified
-1.6262776454549488,-1.6018442832689435,1.58909786451734,stratified
-0.11699878435164038,-0.08388955748033393,0.07835249465862487,stratified
0.08695781850015807,0.11197556842787373,-0.6661775201521295,stratified
-1.3815297220327907,-1.357012875883684,-1.0962701015233904,stratified
1.8409846030256247,1.8666006546889007,0.6999989147918758,stratified
1.4330713973220277,1.4667093559596434,-1.1215696651334646,stratified
1.9552003006226317,1.8339564670375328,-1.1215696651334646,stratified
1.4657044537783155,1.4503872621339593,-1.0818132080319194,stratified
-1.495745419629798,-1.4957506734019976,0.9168523171639402,stratified
-1.9607664741318982,-1.9854134881725167,0.7939687224864371,stratified
0.09511608261423,0.12013661534071572,-0.9878434003373583,stratified
-0.07620746378128068,-0.08388955748033393,0.9602229976383532,stratified
0.0706412902720142,0.10381452151503176,0.5771153201143727,stratified
-0.14963184080792813,-0.11653374513170187,-0.6155783929319811,stratified
-0.14147357669385618,-0.10837269821885988,-0.977000730218755,stratified
-0.0027830867546332454,0.03036509929945388,-1.1215696651334646,stratified
-0.11699878435164038,-0.08388955748033393,-0.29029828937388463,stratified
1.0822660404169344,0.9852075881019663,-0.2613845023909427,stratified
-0.06804919966720875,-0.03492327600328201,-0.7962895615753681,stratified
0.5193458165459708,0.5281889609828151,-0.8613455822869874,stratified
-0.3535884436597266,-0.4348145747325393,-1.1215696651334646,stratified
-1.4060045143750066,-1.3814960166222099,-0.044531100018878327,stratified
1.8328263389115527,1.8257954201246906,2.113160253583162,stratified
-0.296480594861223,-0.27975468338854154,0.30243434377642453,stratified
0.5519788730022585,0.5771552424598669,-1.1215696651334646,stratified
-1.7241768148238121,-1.7324210338744153,0.3747188112337793,stratified
1.8165098106834088,1.8502785608632166,-0.9047162627614003,stratified
-0.3372719154315827,-0.3123988710399095,-0.12404401422196856,stratified
-1.854709040648963,-1.822192549915677,1.58909786451734,stratified
0.0706412902720142,-0.01044013526475605,-1.1215696651334646,stratified
1.6941358489723297,1.662574481867851,1.697524565703372,stratified
0.15222393141273358,0.16910289681776763,0.5951864369787114,stratified
1.408596604979812,1.4340651683082755,-1.1215696651334646,stratified
-0.28016406663307913,-0.2634325895628576,0.10726628164156668,stratified
-2.0260325870444738,-2.0751850042137785,-0.8902593692699292,stratified
0.021691705587582568,0.03036509929945388,-0.2686129491366781,stratified
1.0169999275043589,1.050495963404702,-1.0854274314047871,stratified
-0.3535884436597266,-0.4348145747325393,-1.1215696651334646,stratified
1.6288697360597542,1.613608200390799,1.3939298023824818,stratified
-0.2883223307471511,-0.2634325895628576,0.23737832306480533,stratified
0.07879955438608613,0.10381452151503176,-0.1710289180692492,stratified
0.16854045964087744,0.10381452151503176,-1.1215696651334646,stratified
0.11959087495644583,0.1282976622535577,-0.28306984262814916,stratified
-1.3652131938046468,-1.357012875883684,1.6469254384832235,stratified
0.4948710242037549,0.5037058202442891,-1.114341218387729,stratified
-0.14147357669385618,-0.12469479204454385,0.24460676981054066,stratified
-0.12515704846571232,-0.11653374513170187,1.0108221248585014,stratified
0.10327434672830195,0.1282976622535577,0.9240807639096758,stratified
0.625403250028906,0.6261215239369189,-1.0637420911675808,stratified
-0.28016406663307913,-0.2634325895628576,0.10726628164156668,stratified
1.8736176594819123,1.8747617016017426,1.6613823319746945,stratified
1.2943809073828048,1.2790052769642777,-1.1215696651334646,stratified
-0.34543017954565464,-0.3123988710399095,-0.47100945801727157,stratified
0.11959087495644583,0.14461975607924168,-0.478237904763007,stratified
-0.5085954618270934,-0.47561980929674924,-1.1215696651334646,stratified
0.0706412902720142,0.038526146212295866,-1.1215696651334646,stratified
-1.8465507765348912,-1.838514643741361,0.44338905531826633,stratified
-0.36990497188787047,-0.33688201177843546,0.0349818141842119,stratified
1.6288697360597542,1.613608200390799,1.3939298023824818,stratified
0.6009284576866901,0.6179604770240769,-1.0854274314047871,stratified
1.2127982662420855,1.2382000424000676,1.3794729088910112,stratified
-0.13331531257978424,-0.11653374513170187,0.9819083378755596,stratified
-0.010941350868705183,0.022204052386611894,-1.1215696651334646,stratified
-1.4875871555157258,-1.4549454388377876,1.0108221248585014,stratified
-1.8465507765348912,-1.871158831392729,0.2952058970306892,stratified
1.1801652097857978,1.2055558547486998,-0.07344488700182027,stratified
0.054324762043870316,0.005881958560927922,0.0711240479128893,stratified
1.139373889215438,1.1565895732716478,0.324119684013631,stratified
0.04616649792979838,0.07117033386366381,0.4325463851996632,stratified
0.062483026157942254,0.08749242768934778,1.1698479532646817,stratified
0.486712760089683,0.511866867157131,-1.0492851976761097,stratified
0.29907268546602844,0.3241627881617654,0.5084450760298858,stratified
1.025158191618431,0.9852075881019663,-0.8830309225241939,stratified
-0.28016406663307913,-0.27159363647569956,-0.23969916215373632,stratified
0.03800823381572644,0.05484824003797984,1.1011777091801949,stratified
1.8328263389115527,1.8421175139503747,0.8373394029608501,stratified
2.518120524493596,2.5276454546291016,1.8204081603808753,stratified
0.08695781850015807,0.10381452151503176,0.8011971692321727,stratified
-1.3815297220327907,-1.3651739227965258,-1.0492851976761097,stratified
0.3806553266067478,0.35680697581313336,-0.36981120357697483,stratified
0.3806553266067478,0.3731290696388173,-1.1215696651334646,stratified
0.6825110988274095,0.6669267585011288,-1.1215696651334646,stratified
0.23380657255345294,0.2588744128590295,-0.5577508189660974,stratified
-0.3535884436597266,-0.3287209648655935,1.4011582491282173,stratified
0.7233024193977692,0.6669267585011288,-1.1215696651334646,stratified
-1.5610115325423735,-1.5528780017918915,0.989136784621295,stratified
0.10327434672830195,0.12013661534071572,0.49037395916554705,stratified
-0.5901781029678128,-0.557230278425169,-0.3408974165940329,stratified
1.3514887561813083,1.2953273707899617,1.6324685449917529,stratified
-0.34543017954565464,-0.3123988710399095,0.0530529310485506,stratified
-1.8465507765348912,-1.822192549915677,-0.658949073406394,stratified
-1.3815297220327907,-1.3651739227965258,-1.0492851976761097,stratified
-0.3943797642300863,-0.3695261994298034,1.6252400982460171,stratified
-1.1449400627247046,-1.1285035623241082,0.30604856714929235,stratified
-0.3127971230893669,-0.27975468338854154,-0.29029828937388463,stratified
0.5519788730022585,0.5771552424598669,-1.1215696651334646,stratified
-1.2020479115232081,-1.210114031452528,1.0252790183499723,stratified
-0.5085954618270934,-0.47561980929674924,-1.1215696651334646,stratified
-1.1286235344965607,-1.1040204215855822,0.8662531899437919,stratified
-1.6589107019112366,-1.6344884709203114,1.3288737816708625,stratified
-0.41069629245823014,-0.41033143399401334,-1.089041654777655,stratified
-1.6425941736830927,-1.6181663770946273,1.664996555347562,stratified
-0.3372719154315827,-0.3123988710399095,-0.12404401422196856,stratified
0.4051301189489636,0.3894511634645013,-0.47100945801727157,stratified
-0.3535884436597266,-0.3287209648655935,0.4686886189283406,stratified
1.5799201513753227,1.5728029658265892,0.9819083378755596,stratified
-1.6589107019112366,-1.6344884709203114,1.3288737816708625,stratified
-0.059890935553136807,-0.059406416741807966,1.5095849503142496,stratified
1.8736176594819123,1.8910837954274267,1.5963263112630754,stratified
-1.1286235344965607,-1.0958593746727403,1.516813397059985,stratified
0.14406566729866163,0.16910289681776763,-0.8902593692699292,stratified
1.6207114719456823,1.580964012739431,1.7445094695506524,stratified
-1.6833854942534525,-1.6508105647459954,0.3602619177423084,stratified
-1.1123070062684168,-1.1121814684984241,1.4806711633313077,stratified
1.669661056630114,1.589125059652273,1.1192488260445337,stratified
-1.6997020224815964,-1.6671326585716792,-0.10958712073049766,stratified
0.18485698786902133,0.1935860375562936,0.5409730863856954,stratified
0.17669872375494938,0.1282976622535577,-1.0854274314047871,stratified
-1.5039036837438697,-1.4712675326634717,-0.14572935445917504,stratified
-1.6752272301393805,-1.6426495178331533,1.4445289296026302,stratified
0.09511608261423,0.1282976622535577,-1.0492851976761097,stratified
0.19301525198309324,0.1935860375562936,0.8590247431980563,stratified
-0.9409834598729061,-1.1366646092369501,-1.0854274314047871,stratified
-1.71601855070974,-1.6916157993102052,0.14340851537024407,stratified
-0.8104512340477551,-0.8265448265489547,-0.478237904763007,stratified
-0.04357440732499293,-0.18998316734727974,-1.1215696651334646,stratified
-1.1857313832950642,-1.1774698438011602,-0.43486722428859415,stratified
0.08695781850015807,0.0793313807765058,0.009682250574137758,stratified
0.11959087495644583,0.1364587091663997,0.7722833822492307,stratified
1.4983375102346033,1.5238366843495372,1.4770569399584401,stratified
0.09511608261423,0.1282976622535577,-0.6878628603893359,stratified
-0.21489795372050363,-0.18998316734727974,-0.6770201902707327,stratified
-0.9083504034166183,-0.8755111080260065,-0.5432939254746263,stratified
-0.09252399200942456,-0.06756746365464995,-0.9806149535916228,stratified
-0.23937274606271944,-0.23894944882433167,0.33857657750510195,stratified
0.021691705587582568,0.022204052386611894,-1.1215696651334646,stratified
-0.165948369036072,-0.14101688587022781,-0.8613455822869874,stratified
1.9633585647367038,1.7849901855604808,1.2855031011964495,stratified
1.3351722279531646,1.0015296819276502,-1.0492851976761097,stratified
-0.19858142549235974,-0.1655000266087538,-0.47100945801727157,stratified
0.15222393141273358,0.16910289681776763,0.2952058970306892,stratified
0.28275615723788455,0.31600174124892344,-1.1215696651334646,stratified
-0.435171084800446,-0.40217038708117137,-0.5432939254746263,stratified
-0.23937274606271944,-0.20630526117296372,-0.8685740290327228,stratified
1.4657044537783155,1.4830314497853274,0.7650549355034952,stratified
0.1603821955268055,0.14461975607924168,1.0650354754515174,stratified
-1.593644588998661,-1.5855221894432594,1.3288737816708625,stratified
-1.3162636091202153,-1.3978181104478937,-0.9697722834730196,stratified
1.7430854336567614,1.776829138647639,-0.6300352864234522,stratified
1.269906115040589,1.2708442300514358,0.6566282343174631,stratified
0.021691705587582568,0.03036509929945388,1.0108221248585014,stratified
0.08695781850015807,0.12013661534071572,0.4325463851996632,stratified
-0.1904231613782878,-0.1573389796959118,-0.5107659151188167,stratified
-1.3815297220327907,-1.3651739227965258,-0.42041033079712326,stratified
1.3433304920672364,1.3524546991798556,-0.47100945801727157,stratified
0.8701511734510641,0.8872750251478625,-1.0998843248962582,stratified
-1.1775731191809924,-1.25908031292958,1.8420935006180816,stratified
-1.1857313832950642,-1.1774698438011602,-0.43486722428859415,stratified
-0.0027830867546332454,-0.0022790883519140637,1.3650160153995399,stratified
1.6370280001738262,1.670735528780693,1.3830871322638787,stratified
-0.36990497188787047,-0.36136515251696144,0.4867597357926793,stratified
-0.9899330445573378,-1.161147749975476,1.9975051056513942,stratified
-1.5365367402001575,-1.5120727672276815,-0.326440523102562,stratified
0.8456763811088482,0.8709529313221784,-1.0854274314047871,stratified
1.808351546569337,1.7441849509962708,0.8662531899437919,stratified
0.7967267964244166,0.7975035091066006,-1.1215696651334646,stratified
1.5146540384627472,1.5401587781752213,1.3469448985352013,stratified
2.183631695816646,2.160398343551212,1.6396969917374884,stratified
-1.4467958349453662,-1.4549454388377876,1.6613823319746945,stratified
1.7594019618849053,1.678896575693535,-0.7746042213381618,stratified
-1.2591557603217116,-1.250919266016738,-0.030074206527407422,stratified
-1.5365367402001575,-1.5039117203148396,-1.1215696651334646,stratified
-1.4467958349453662,-1.4794285795763136,-1.1215696651334646,stratified
0.19301525198309324,0.1854249906434516,1.4589858230941015,stratified
1.6778193207441858,1.687057622606377,-0.08067333374755571,stratified
0.3153892136941723,0.3486459289002914,-0.9408584964900776,stratified
-1.1612565909528485,-1.234597172191054,-0.45293834115293286,stratified
-1.454954099059438,-1.4386233450121038,1.603554758008811,stratified
0.021691705587582568,0.005881958560927922,1.8420935006180816,stratified
1.5146540384627472,1.5401587781752213,1.5384987372971912,stratified
0.8130433246525605,0.8138256029322846,-1.0854274314047871,stratified
0.3153892136941723,0.3486459289002914,-0.9408584964900776,stratified
0.11959087495644583,0.1364587091663997,0.7722833822492307,stratified
-0.059890935553136807,-0.03492327600328201,-1.089041654777655,stratified
-0.6228111594241005,-0.589874466076537,-0.326440523102562,stratified
-0.0027830867546332454,0.014043005473769908,1.7698090331607268,stratified
1.3351722279531646,1.0015296819276502,-1.0492851976761097,stratified
-1.6833854942534525,-1.6508105647459954,1.7698090331607268,stratified
-1.5120619478579418,-1.4957506734019976,-0.044531100018878327,stratified
-1.732335078937884,-1.6997768462230471,-0.5794361592033037,stratified
1.4657044537783155,1.4911924966981693,1.5529556307886625,stratified
-1.5365367402001575,-1.5039117203148396,0.4542317254368697,stratified
-0.17410663315014394,-0.17366107352159577,0.18677919584465705,stratified
-1.7078602865956682,-1.6752937054845214,0.2518352165562762,stratified
0.11959087495644583,0.1364587091663997,0.7722833822492307,stratified
-1.1857313832950642,-1.185630890714002,0.24460676981054066,stratified
-0.818609498161827,-0.8183837796361126,-0.1891000349335879,stratified
-0.15779010492200005,-0.12469479204454385,-1.0492851976761097,stratified
-0.17410663315014394,-0.14917793278306982,-1.1215696651334646,stratified
0.356180534264532,0.3078406943360814,-1.1215696651334646,stratified
-1.357054929690575,-1.3243686882323158,-0.01561731303593639,stratified
0.21749004432530908,0.22623022520766153,1.249360867467772,stratified
-0.15779010492200005,-0.12469479204454385,-0.43486722428859415,stratified
-1.1123070062684168,-1.1121814684984241,1.4806711633313077,stratified
-1.2917888167779994,-1.3243686882323158,1.6252400982460171,stratified
1.2209565303561574,1.2545221362257517,-1.0492851976761097,stratified
0.8293598528807044,0.8464697905836525,-1.114341218387729,stratified
-0.9083504034166183,-0.9326384364159005,0.15063696211597966,stratified
0.04616649792979838,0.038526146212295866,-0.6697917435249972,stratified
0.24196483666752489,0.22623022520766153,1.4083866958739528,stratified
0.8130433246525605,0.8138256029322846,-1.0854274314047871,stratified
1.5146540384627472,1.5075145905238532,-1.0528994210489775,stratified
-1.6670689660253086,-1.6344884709203114,0.17955074909892146,stratified
0.26643962900974066,0.29151860051039746,-1.1215696651334646,stratified
0.37249706249267583,0.35680697581313336,0.5409730863856954,stratified
-1.357054929690575,-1.3651739227965258,-1.1215696651334646,stratified
2.061257734105567,1.9074058892531105,-0.9408584964900776,stratified
1.2372730585843013,1.2708442300514358,1.657768108601827,stratified
-0.06804919966720875,-0.05124536982896598,-0.16018624795064595,stratified
-0.04357440732499293,-0.03492327600328201,0.9023954236724693,stratified
0.021691705587582568,0.03036509929945388,0.989136784621295,stratified
-0.13331531257978424,-0.12469479204454385,-1.1215696651334646,stratified
-0.010941350868705183,-0.05124536982896598,1.4951280568227787,stratified
1.3433304920672364,1.3361326053541716,1.697524565703372,stratified
0.0706412902720142,0.04668719312513785,0.5409730863856954,stratified
-0.10884052023756843,-0.08388955748033393,1.336102228416598,stratified
0.0706412902720142,0.07117033386366381,0.7795118289949662,stratified
-1.5120619478579418,-1.4957506734019976,-0.044531100018878327,stratified
-1.3162636091202153,-1.3978181104478937,-0.9697722834730196,stratified
1.4738627178923875,1.4993535436110113,-0.29752673611962005,stratified
-1.6833854942534525,-1.6508105647459954,1.8420935006180816,stratified
-0.08436572789535263,-0.14917793278306982,-1.1215696651334646,stratified
-1.3244218732342872,-1.3488518289708418,-0.5830503825761714,stratified
0.4703962318615391,0.5037058202442891,0.974679891129824,stratified
0.01353344147351063,0.022204052386611894,-0.8324317953040454,stratified
-0.10884052023756843,-0.08388955748033393,1.336102228416598,stratified
0.28275615723788455,0.31600174124892344,-1.1215696651334646,stratified
0.33170574192231617,0.3323238350746074,-1.1215696651334646,stratified
-1.2917888167779994,-1.3243686882323158,1.6252400982460171,stratified
-0.23937274606271944,-0.2226273549986477,-1.1215696651334646,stratified
-0.010941350868705183,0.005881958560927922,0.974679891129824,stratified
0.15222393141273358,0.16910289681776763,0.2952058970306892,stratified
1.245431322698373,1.2790052769642777,0.9023954236724693,stratified
-0.10884052023756843,-0.09205060439317592,-1.0926558781505227,stratified
-0.02725787909684906,-0.026762229090440022,1.5782551943987366,stratified
0.18485698786902133,0.21806917829481956,-0.4565525645258007,stratified
1.9633585647367038,1.7849901855604808,1.2855031011964495,stratified
0.01353344147351063,0.022204052386611894,-0.8324317953040454,stratified
-1.1612565909528485,-1.234597172191054,-0.45293834115293286,stratified
0.029849969701654506,0.05484824003797984,0.2843632269120858,stratified
-0.23937274606271944,-0.24711049573717364,-0.030074206527407422,stratified
0.0706412902720142,0.07117033386366381,0.7795118289949662,stratified
-0.01909961498277712,-0.0022790883519140637,-0.8143606784397067,stratified
-0.2067396896064317,-0.17366107352159577,-0.3987249905599168,stratified
-0.24753101017679138,-0.2226273549986477,-0.839660242049781,stratified
0.25012310078159683,0.2833575535975555,-1.1215696651334646,stratified
-1.71601855070974,-1.6916157993102052,-0.20355692842505893,stratified
0.878309437565136,0.8954360720607044,-1.1215696651334646,stratified
2.2652143369573654,2.1032710151613183,0.3891757047252538,stratified
-0.435171084800446,-0.40217038708117137,-0.5432939254746263,stratified
-1.601802853112733,-1.5692000956175756,1.336102228416598,stratified
-0.07620746378128068,-0.043084322916124,-0.6878628603893359,stratified
-1.2020479115232081,-1.226436125278212,0.4217037150810601,stratified
-0.41069629245823014,-0.38584829325548736,0.33857657750510195,stratified
0.9027842299073519,0.9280802597120724,-1.1215696651334646,stratified
0.46223796774746717,0.3976122103773433,-1.0854274314047871,stratified
0.25012310078159683,0.23439127212050354,1.3722444621452754,stratified
-1.3652131938046468,-1.332529735145158,-0.21801382191652982,stratified
-0.19858142549235974,-0.20630526117296372,-1.1215696651334646,stratified
0.8946259657932799,0.9199192127992304,-1.1215696651334646,stratified
0.3888135907208197,0.3731290696388173,0.3602619177423084,stratified
-1.2999470808920714,-1.3243686882323158,-0.1348866843405718,stratified
1.5554453590331068,1.3932599337440654,1.1192488260445337,stratified
-1.5528532684283014,-1.5365559079662074,1.7011387890762395,stratified
-0.08436572789535263,-0.05124536982896598,-1.1215696651334646,stratified
1.5146540384627472,1.5401587781752213,1.3469448985352013,stratified
-0.059890935553136807,-0.043084322916124,1.6758392254661658,stratified
1.2535895868124451,1.2871663238771196,1.5529556307886625,stratified
-2.2626222463525596,-2.499559443681562,0.6493997875717276,stratified
1.2535895868124451,1.2871663238771196,1.3722444621452754,stratified
-1.5283784760860857,-1.5202338141405236,0.7650549355034952,stratified
-1.4304793067172223,-1.4059791573607356,0.7867402757407015,stratified
-0.3372719154315827,-0.3695261994298034,0.8228825094693789,stratified
0.09511608261423,0.12013661534071572,1.0252790183499723,stratified
-2.8418589984516673,-2.809679226369557,-0.326440523102562,stratified
1.2372730585843013,1.2708442300514358,1.657768108601827,stratified
-0.1904231613782878,-0.19814421426012174,1.4806711633313077,stratified
1.5717618872612507,1.5728029658265892,0.324119684013631,stratified
-1.4467958349453662,-1.4794285795763136,-1.1215696651334646,stratified
-1.1612565909528485,-1.3978181104478937,2.058946902990146,stratified
-0.13331531257978424,-0.12469479204454385,-1.1215696651334646,stratified
0.8619929093369921,0.8627918844093365,-1.1215696651334646,stratified
1.4412296614360998,1.2626831831385936,-0.977000730218755,stratified
-0.23937274606271944,-0.2144663080858057,-1.0854274314047871,stratified
-1.5365367402001575,-1.5039117203148396,-1.1215696651334646,stratified
0.029849969701654506,0.022204052386611894,0.7867402757407015,stratified
0.1359074031845897,0.1282976622535577,-1.1215696651334646,stratified
-0.17410663315014394,-0.17366107352159577,0.6457855641988598,stratified
1.269906115040589,1.2708442300514358,0.6566282343174631,stratified
-1.6997020224815964,-1.6671326585716792,-0.10958712073049766,stratified
0.26643962900974066,0.2833575535975555,-1.1215696651334646,stratified
0.09511608261423,0.1282976622535577,-1.0492851976761097,stratified
-1.6833854942534525,-1.6508105647459954,1.7698090331607268,stratified
0.03800823381572644,0.04668719312513785,0.3421908008779697,stratified
0.30723094958010033,0.31600174124892344,-1.1215696651334646,stratified
-1.5202202119720136,-1.4957506734019976,1.9360633083126426,stratified
-0.08436572789535263,-0.05124536982896598,-1.1215696651334646,stratified
0.30723094958010033,0.34048488198744936,-0.9047162627614003,stratified
0.4214466471771075,0.43025639802871124,-0.4420956710343296,stratified
-2.8418589984516673,-2.809679226369557,-0.326440523102562,stratified
-1.471270627287582,-1.4467843919249457,-0.2541560556452072,stratified
0.878309437565136,0.8954360720607044,-1.1215696651334646,stratified
0.28275615723788455,0.2507133659461875,-1.1215696651334646,stratified
1.392280076751668,1.4259041213954333,-1.1215696651334646,stratified
-0.05173267143906487,-0.03492327600328201,-1.1215696651334646,stratified
0.029849969701654506,0.022204052386611894,1.7770374799064623,stratified
0.33170574192231617,0.31600174124892344,-0.35535431008550394,stratified
0.36433879837860395,0.36496802272597534,-0.7746042213381618,stratified
-2.1484065487555526,-2.2302448955577763,1.5529556307886625,stratified
-0.296480594861223,-0.27159363647569956,-0.7023197538808069,stratified
-0.24753101017679138,-0.2144663080858057,-1.0854274314047871,stratified
0.36433879837860395,0.3976122103773433,-1.0854274314047871,stratified
0.21749004432530908,0.23439127212050354,-0.9264016029986066,stratified
1.4493879255501716,1.4748704028724853,0.8662531899437919,stratified
-0.4841206694848776,-0.45113666855822326,0.10726628164156668,stratified
-0.41069629245823014,-0.41033143399401334,0.5771153201143727,stratified
0.16854045964087744,0.16910289681776763,1.1915332935018885,stratified
2.1265238470181425,2.1522372966383703,1.112020379298798,stratified
0.18485698786902133,0.20174708446913558,1.2855031011964495,stratified
1.4167548690938838,1.4422262152211174,-0.4999232450002135,stratified
-0.05173267143906487,-0.03492327600328201,-1.1215696651334646,stratified
-0.1006822561234965,-0.06756746365464995,-1.1215696651334646,stratified
-0.1904231613782878,-0.1573389796959118,-0.7240050941180133,stratified
0.4214466471771075,0.43025639802871124,-0.9011020393885326,stratified
-0.47596240537080564,-0.46745876238390727,-1.0131429639474323,stratified
0.17669872375494938,0.20174708446913558,1.8420935006180816,stratified
0.6009284576866901,0.6342825708497609,-1.1215696651334646,stratified
0.26643962900974066,0.2507133659461875,-0.33366896984829747,stratified
0.26643962900974066,0.2833575535975555,0.5915722136058437,stratified
0.062483026157942254,0.07117033386366381,1.281888877823582,stratified
0.5111875524318988,0.5281889609828151,-1.0926558781505227,stratified
0.486712760089683,0.4955447733314471,-0.940858496490078,stratified
0.33170574192231617,0.3323238350746074,-0.1891000349335879,stratified
-0.49227893359894953,-0.46745876238390727,-1.1215696651334646,stratified
0.30723094958010033,0.29151860051039746,-0.28306984262814916,stratified
0.356180534264532,0.3731290696388173,-0.9625438367272839,stratified
-0.4841206694848776,-0.45113666855822326,0.10726628164156668,stratified
-0.059890935553136807,-0.026762229090440022,-1.1215696651334646,stratified
-3.045815601303466,-3.0137053991906066,-1.1215696651334646,stratified
0.356180534264532,0.34048488198744936,0.28797745028495364,stratified
0.356180534264532,0.3894511634645013,-0.5830503825761714,stratified
1.4820209820064594,1.5156756374366953,0.18677919584465705,stratified
-3.045815601303466,-3.0137053991906066,-1.1215696651334646,stratified
-0.22305621783457555,-0.18998316734727974,-0.507151691745949,stratified
0.19301525198309324,0.2099081313819776,-0.6950913071350714,stratified
0.4703962318615391,0.43025639802871124,-1.1107269950148613,stratified
0.16854045964087744,0.16910289681776763,1.1915332935018885,stratified
0.20933178021123713,0.23439127212050354,-0.82520334855831,stratified
-1.3244218732342872,-1.29988554749379,-0.06260221688321702,stratified
0.3398640060363881,0.35680697581313336,0.7578264887577597,stratified
0.486712760089683,0.4384174449415532,-1.1215696651334646,stratified
0.21749004432530908,0.23439127212050354,-0.9625438367272839,stratified
0.10327434672830195,0.11197556842787373,-1.0275998574389034,stratified
-1.348896665576503,-1.3651739227965258,0.9385376574011467,stratified
-0.01909961498277712,-0.01044013526475605,1.5023565035685138,stratified
0.225648308439381,0.23439127212050354,-0.2613845023909427,stratified
1.5391288308049629,1.5564808720009051,1.66861077872043,stratified
-2.017874322930402,-2.0670239573009366,-0.5794361592033037,stratified
-1.4304793067172223,-1.5039117203148396,1.5384987372971912,stratified
0.486712760089683,0.4873837264186051,-0.9047162627614003,stratified
0.29907268546602844,0.07117033386366381,-0.39511076718704896,stratified
0.5601371371163304,0.5526721017213411,-1.1215696651334646,stratified
-1.4060045143750066,-1.3814960166222099,1.5746409710258686,stratified
0.34802227015046006,0.35680697581313336,-1.0854274314047871,stratified
-2.360521415721423,-3.0953158683190267,0.4686886189283406,stratified
0.2582813648956688,0.2670354597718715,0.5409730863856954,stratified
1.408596604979812,1.4422262152211174,-1.0131429639474323,stratified
1.506495774348675,1.5319977312623791,1.2782746544507144,stratified
0.23380657255345294,0.2099081313819776,-0.326440523102562,stratified
1.3759635485235242,1.4095820275697495,-1.1215696651334646,stratified
0.4214466471771075,0.43025639802871124,-0.9011020393885326,stratified
-0.07620746378128068,-0.07572851056749194,-1.1215696651334646,stratified
-0.42701282068637403,-0.4429756216453813,0.049438707675682814,stratified
0.23380657255345294,0.2588744128590295,0.9385376574011467,stratified
0.3888135907208197,0.3894511634645013,-0.20355692842505893,stratified
-0.42701282068637403,-0.4429756216453813,0.049438707675682814,stratified
0.20933178021123713,0.23439127212050354,-0.7312335408637487,stratified
0.33170574192231617,0.31600174124892344,-0.35535431008550394,stratified
0.5682954012304023,0.5526721017213411,-1.1215696651334646,stratified
-1.357054929690575,-1.357012875883684,0.3747188112337793,stratified
0.062483026157942254,0.0793313807765058,-1.114341218387729,stratified
-0.4596458771426618,-0.45929771547106524,0.367490364488044,stratified
-0.2556892742908633,-0.23894944882433167,1.5529556307886625,stratified
-0.09252399200942456,-0.059406416741807966,-0.8324317953040454,stratified
0.2745978931238126,0.29967964742323944,-0.9336300497443422,stratified
-0.09252399200942456,-0.059406416741807966,-0.8324317953040454,stratified
0.5519788730022585,0.544511054808499,-1.1215696651334646,stratified
0.4948710242037549,0.511866867157131,-1.060127867794713,stratified
-0.23937274606271944,-0.2144663080858057,-1.1215696651334646,stratified
0.26643962900974066,0.29151860051039746,0.7903544991135694,stratified
-0.4841206694848776,-0.45113666855822326,0.10726628164156668,stratified
0.21749004432530908,0.23439127212050354,-0.9625438367272839,stratified
0.19301525198309324,0.21806917829481956,-0.7962895615753681,stratified
0.41328838306303556,0.42209535111586927,-0.3119836296110911,stratified
1.530970566690891,1.5483198250880632,1.7698090331607268,stratified
0.23380657255345294,0.2588744128590295,0.9385376574011467,stratified
-1.3815297220327907,-1.357012875883684,1.1047919325530626,stratified
0.26643962900974066,0.2833575535975555,0.5915722136058437,stratified
-2.0505073793866897,-2.107829191865146,1.0650354754515174,stratified
-1.1449400627247046,-1.1121814684984241,-0.35535431008550394,stratified
0.486712760089683,0.4873837264186051,-0.9047162627614003,stratified
0.0706412902720142,0.07117033386366381,-0.42763877754285873,stratified
1.506495774348675,1.5238366843495372,1.3541733452809368,stratified
-0.21489795372050363,-0.19814421426012174,-0.19632848167932335,stratified
0.2582813648956688,0.29151860051039746,-0.43486722428859415,stratified
-0.47596240537080564,-0.46745876238390727,-0.7962895615753681,stratified
0.2909144213519565,0.29967964742323944,0.7180700316562145,stratified
-0.3780632360019424,-0.47561980929674924,-1.1215696651334646,stratified
0.5030292883178269,0.5037058202442891,-0.29029828937388463,stratified
-0.06804919966720875,-0.043084322916124,-1.0565136444218453,stratified
0.04616649792979838,0.07117033386366381,-1.1215696651334646,stratified
-0.01909961498277712,-0.01044013526475605,1.5023565035685138,stratified
-1.7078602865956682,-1.7405820807872572,1.198761740247624,stratified
0.21749004432530908,0.23439127212050354,-0.9264016029986066,stratified
0.04616649792979838,0.07117033386366381,-1.1215696651334646,stratified
-0.08436572789535263,-0.05124536982896598,1.5529556307886625,stratified
0.9517338145917834,0.7158930399781808,-1.0492851976761097,stratified
0.29907268546602844,0.29967964742323944,-0.3987249905599168,stratified
0.5927701935726182,0.5771552424598669,-1.1215696651334646,stratified
0.5356623447741146,0.511866867157131,-1.1215696651334646,stratified
1.530970566690891,1.5564808720009051,0.974679891129824,stratified
0.33170574192231617,0.3323238350746074,-0.1891000349335879,stratified
0.4948710242037549,0.511866867157131,-1.0854274314047871,stratified
-0.21489795372050363,-0.19814421426012174,-0.7529188811009552,stratified
-0.296480594861223,-0.27159363647569956,-0.7023197538808069,stratified
-0.296480594861223,-0.28791573030138357,-0.33366896984829747,stratified
0.3398640060363881,0.3323238350746074,-0.47100945801727157,stratified
0.1603821955268055,0.17726394373060964,0.14340851537024407,stratified
-1.5773280607705171,-1.6752937054845214,1.336102228416598,stratified
1.4738627178923875,1.4993535436110113,0.10003783489583111,stratified
0.20933178021123713,0.23439127212050354,-0.7312335408637487,stratified
0.17669872375494938,0.1854249906434516,1.6794534488390334,stratified
1.384121812637596,1.4014209806569073,1.4264578127382916,stratified
0.356180534264532,0.3731290696388173,-0.6155783929319811,stratified
0.21749004432530908,0.2425523190333455,1.2240613038576984,stratified
-1.1694148550669203,-1.1529867030626342,-0.29752673611962005,stratified
0.4459214395193233,0.45473953876723716,-0.8794166991513261,stratified
0.9517338145917834,0.7158930399781808,-1.0492851976761097,stratified
-1.9362916817896825,-2.0915070980394623,1.2963457713150532,stratified
-0.42701282068637403,-0.4429756216453813,0.049438707675682814,stratified
0.2582813648956688,0.2670354597718715,0.5409730863856954,stratified
0.24196483666752489,0.2751965066847135,0.7939687224864371,stratified
1.3678052844094521,1.3932599337440654,0.8554105198251888,stratified
0.2909144213519565,0.29151860051039746,-0.47100945801727157,stratified
-1.5202202119720136,-1.5447169548790496,1.791494373397933,stratified
1.384121812637596,1.4014209806569073,1.6613823319746945,stratified
0.4459214395193233,0.40577325729018526,-1.1215696651334646,stratified
0.625403250028906,0.6179604770240769,-1.1215696651334646,stratified
1.408596604979812,1.4340651683082755,1.5023565035685138,stratified
0.3398640060363881,0.31600174124892344,-0.8324317953040454,stratified
-1.1286235344965607,-1.1040204215855822,-0.21078537517079438,stratified
1.384121812637596,1.4177430744825914,1.8059512668894042,stratified
1.4657044537783155,1.4911924966981693,-0.5866646059490391,stratified
1.4330713973220277,1.4585483090468014,1.2999599946879208,stratified
-0.2556892742908633,-0.27975468338854154,-0.17464314144211698,stratified
0.5193458165459708,0.5281889609828151,-1.1215696651334646,stratified
1.5146540384627472,1.5401587781752213,1.2565893142135076,stratified
-0.059890935553136807,-0.026762229090440022,-1.0131429639474323,stratified
1.4983375102346033,1.5319977312623791,-1.1215696651334646,stratified
-0.5085954618270934,-0.4919419031224332,1.2349039739763015,stratified
0.30723094958010033,0.29967964742323944,1.155391059773211,stratified
0.1359074031845897,0.16910289681776763,-1.1215696651334646,stratified
0.19301525198309324,0.2099081313819776,-0.6950913071350714,stratified
1.4820209820064594,1.5156756374366953,1.2565893142135076,stratified
0.12774913907051777,0.14461975607924168,1.3722444621452754,stratified
0.33170574192231617,0.3241627881617654,0.3964041514709858,stratified
0.9517338145917834,0.7158930399781808,-1.0492851976761097,stratified
0.2582813648956688,0.29151860051039746,-0.43486722428859415,stratified
0.23380657255345294,0.2099081313819776,-0.326440523102562,stratified
0.3398640060363881,0.34048488198744936,1.1626195065189466,stratified
0.15222393141273358,0.16910289681776763,1.5529556307886625,stratified
0.29907268546602844,0.3078406943360814,-0.4565525645258007,stratified
0.021691705587582568,0.038526146212295866,1.4517573763483658,stratified
0.4703962318615391,0.43025639802871124,-1.1107269950148613,stratified
0.2745978931238126,0.3078406943360814,-0.07344488700182027,stratified
1.4983375102346033,1.5319977312623791,-1.1215696651334646,stratified
1.40043834086574,1.4259041213954333,-1.1215696651334646,stratified
0.2909144213519565,0.29151860051039746,-0.47100945801727157,stratified
-0.2312144819486475,-0.2144663080858057,-0.658949073406394,stratified
0.19301525198309324,0.2099081313819776,-0.6950913071350714,stratified
0.43776317540525134,0.42209535111586927,-1.1215696651334646,stratified
1.506495774348675,1.5401587781752213,-0.18187158818785243,stratified
0.23380657255345294,0.2507133659461875,-1.0926558781505227,stratified
-0.4841206694848776,-0.45113666855822326,0.14340851537024407,stratified
0.4296049112911794,0.4384174449415532,-0.8324317953040454,stratified
1.4249131332079559,1.4585483090468014,-1.1215696651334646,stratified
0.08695781850015807,0.0793313807765058,-1.1107269950148613,stratified
-0.09252399200942456,-0.059406416741807966,-0.47100945801727157,stratified
2.5099622603795235,2.543967548454786,-1.1215696651334646,stratified
0.486712760089683,0.4955447733314471,-0.940858496490078,stratified
-0.059890935553136807,-0.026762229090440022,-1.0131429639474323,stratified
0.39697185483489167,0.40577325729018526,0.3313481307593666,stratified
-1.9199751535615386,-1.9772524412596748,-0.4493241177800651,stratified
-0.2720058025190072,-0.23894944882433167,-1.0854274314047871,stratified
0.4051301189489636,0.4384174449415532,-0.36258275683123936,stratified
-1.6752272301393805,-1.6916157993102052,1.2999599946879208,stratified
-0.47596240537080564,-0.4429756216453813,0.1361800686245085,stratified
0.1359074031845897,0.16910289681776763,-1.1215696651334646,stratified
-0.06804919966720875,-0.03492327600328201,-1.0492851976761097,stratified
1.40043834086574,1.4259041213954333,-0.5324512553560231,stratified
0.4540797036333952,0.45473953876723716,-0.8974878160156647,stratified
